"id","schema","name","aliases","birth_date","countries","addresses","identifiers","sanctions","phones","emails","program_ids","dataset","first_seen","last_seen","last_change"
"PEP-SYN-000-4MF32489","Person","Hun Heng","","1979","kh","Cambodia, Cambodia","","","","","HoS-current","Synthetic PEP Starter v1","2025-11-06T16:53:44","2026-05-05T16:53:44","2025-11-06T16:53:44"
"PEP-SYN-001-W2TU7RFC","Person","Berdymukhamed Berdymukhamedov","","","tm","","","","","","Military-Senior","Synthetic PEP Starter v1","2025-11-06T16:53:44","2026-05-05T16:53:44","2025-11-06T16:53:44"
"PEP-SYN-002-AU3SGK5Y","Person","Yolanda Gonzalez","","","ve","","","","","","Military-Senior","Synthetic PEP Starter v1","2025-11-06T16:53:44","2026-05-05T16:53:44","2025-11-06T16:53:44"
"PEP-SYN-003-Q9TB4W9W","Person","Berdymukhamed Annayev","B. Annayev","","tm","","","","","","CB-Regulator","Synthetic PEP Starter v1","2025-11-06T16:53:44","2026-05-05T16:53:44","2025-11-06T16:53:44"
"PEP-SYN-004-YQP4NP7K","Person","Hassan Rahimi","","","ir","Tehran, Iran","","","","","Judge-Senior","Synthetic PEP Starter v1","2025-11-06T16:53:44","2026-05-05T16:53:44","2025-11-06T16:53:44"
"PEP-SYN-005-TT39V3UC","Person","Salvador Mbasogo","","","gq","","","","","","Legislator","Synthetic PEP Starter v1","2025-11-06T16:53:44","2026-05-05T16:53:44","2025-11-06T16:53:44"
"PEP-SYN-006-6A69SKKA","Person","Nikolai Kozlov","","1974","ru","St. Petersburg, Russia","","","","","SOE-Exec","Synthetic PEP Starter v1","2025-11-06T16:53:44","2026-05-05T16:53:44","2025-11-06T16:53:44"
"PEP-SYN-007-6P7UQFN4","Person","Robert Jones","","1952","us","","","","","","Family-PEP","Synthetic PEP Starter v1","2025-11-06T16:53:44","2026-05-05T16:53:44","2025-11-06T16:53:44"
"PEP-SYN-008-TPC5BF7G","Person","Min Aung","","1962","mm","","","","","","Family-PEP","Synthetic PEP Starter v1","2025-11-06T16:53:44","2026-05-05T16:53:44","2025-11-06T16:53:44"
"PEP-SYN-009-PJN86DT7","Person","Laszlo Szabo","","","hu","Hungary, Hungary","","","","","Military-Senior","Synthetic PEP Starter v1","2025-11-06T16:53:44","2026-05-05T16:53:44","2025-11-06T16:53:44"
"PEP-SYN-010-MZ44SHV4","Person","Su Maung","","","mm","Myanmar, Myanmar","","","","","Family-PEP","Synthetic PEP Starter v1","2025-11-06T16:53:44","2026-05-05T16:53:44","2025-11-06T16:53:44"
"PEP-SYN-011-YKTSR8RB","Person","Lei Wu","","1958","cn","","","","","","Family-PEP","Synthetic PEP Starter v1","2025-11-06T16:53:44","2026-05-05T16:53:44","2025-11-06T16:53:44"
"PEP-SYN-012-2MK9M924","Person","Viktar Lukashenka","","","by","Belarus, Belarus","","","","","Family-PEP","Synthetic PEP Starter v1","2025-11-06T16:53:44","2026-05-05T16:53:44","2025-11-06T16:53:44"
"PEP-SYN-013-6SYXMMH9","Person","Carmen Perez","","","ve","Maracaibo, Venezuela","","","","","SOE-Exec","Synthetic PEP Starter v1","2025-11-06T16:53:44","2026-05-05T16:53:44","2025-11-06T16:53:44"
"PEP-SYN-014-3ESCUW59","Person","Bo Huang","","1951","cn","","","","","","Minister","Synthetic PEP Starter v1","2025-11-06T16:53:44","2026-05-05T16:53:44","2025-11-06T16:53:44"
"PEP-SYN-015-UWWK53PK","Person","Leyla Hasanov","","","az","Azerbaijan, Azerbaijan","","","","","Minister","Synthetic PEP Starter v1","2025-11-06T16:53:44","2026-05-05T16:53:44","2025-11-06T16:53:44"
"PEP-SYN-016-7E2EAYUU","Person","Linda Brown","","1948","us","","","","","","CB-Regulator","Synthetic PEP Starter v1","2025-11-06T16:53:44","2026-05-05T16:53:44","2025-11-06T16:53:44"
"PEP-SYN-017-3MSK3SC3","Person","Laurent Kabamba","L. Kabamba","","cd","","","","","","IO-Official","Synthetic PEP Starter v1","2025-11-06T16:53:44","2026-05-05T16:53:44","2025-11-06T16:53:44"
"PEP-SYN-018-4QW9E5ZX","Person","Saule Tokayev","","","kz","Astana, Kazakhstan","","","","","SOE-Exec","Synthetic PEP Starter v1","2025-11-06T16:53:44","2026-05-05T16:53:44","2025-11-06T16:53:44"
"PEP-SYN-019-AE6QPBGC","Person","Thein Maung","","1960","mm","Myanmar, Myanmar","","","","","Family-PEP","Synthetic PEP Starter v1","2025-11-06T16:53:44","2026-05-05T16:53:44","2025-11-06T16:53:44"
"PEP-SYN-020-YDX4X9DB","Person","Igor Petrov","","1953","ru","","","","","","Judge-Senior","Synthetic PEP Starter v1","2025-11-06T16:53:44","2026-05-05T16:53:44","2025-11-06T16:53:44"
"PEP-SYN-021-ZX6A5X5S","Person","Roberto Garcia","","1951","mx","Mexico City, Mexico","","","","","Military-Senior","Synthetic PEP Starter v1","2025-11-06T16:53:44","2026-05-05T16:53:44","2025-11-06T16:53:44"
"PEP-SYN-022-XYW34PFV","Person","Farhad Rezaei","","1961","ir","","","","","","Minister","Synthetic PEP Starter v1","2025-11-06T16:53:44","2026-05-05T16:53:44","2025-11-06T16:53:44"
"PEP-SYN-023-K254ZXRX","Person","Sergei Smirnov","","1972","ru","","","","","","CB-Regulator","Synthetic PEP Starter v1","2025-11-06T16:53:44","2026-05-05T16:53:44","2025-11-06T16:53:44"
"PEP-SYN-024-YUW3XD8Q","Person","Mikhail Smirnov","M. Smirnov","","ru","","","","","","Family-PEP","Synthetic PEP Starter v1","2025-11-06T16:53:44","2026-05-05T16:53:44","2025-11-06T16:53:44"
"PEP-SYN-025-W7UU7XF2","Person","Bo Zhu","","1960","cn","","","","","","CB-Regulator","Synthetic PEP Starter v1","2025-11-06T16:53:44","2026-05-05T16:53:44","2025-11-06T16:53:44"
"PEP-SYN-026-W3WH98VY","Person","Robert Williams","R. Williams","1969","us","","","","","","CB-Regulator","Synthetic PEP Starter v1","2025-11-06T16:53:44","2026-05-05T16:53:44","2025-11-06T16:53:44"
"PEP-SYN-027-4ZTADPJE","Person","Jong Pak","","","kp","North Korea, North Korea","","","","","CB-Regulator","Synthetic PEP Starter v1","2025-11-06T16:53:44","2026-05-05T16:53:44","2025-11-06T16:53:44"
"PEP-SYN-028-5NFDSUCF","Person","William Davies","","","gb","London, United Kingdom","","","","","Minister","Synthetic PEP Starter v1","2025-11-06T16:53:44","2026-05-05T16:53:44","2025-11-06T16:53:44"
"PEP-SYN-029-DF4ZQYCN","Person","Manuel dos Santos","","1957","ao","","","","","","Close-Assoc","Synthetic PEP Starter v1","2025-11-06T16:53:44","2026-05-05T16:53:44","2025-11-06T16:53:44"
"PEP-SYN-030-68FQZEQS","Person","Ricardo Fernandez","","1980","ar","Argentina, Argentina","","","","","Military-Senior","Synthetic PEP Starter v1","2025-11-06T16:53:44","2026-05-05T16:53:44","2025-11-06T16:53:44"
"PEP-SYN-031-GGGQ8JHU","Person","Paulo Cardoso","","1965","ao","Angola, Angola","","","","","CB-Regulator","Synthetic PEP Starter v1","2025-11-06T16:53:44","2026-05-05T16:53:44","2025-11-06T16:53:44"
"PEP-SYN-032-9U86239H","Person","Rami Assad","","1964","sy","Syria, Syria","","","","","Legislator","Synthetic PEP Starter v1","2025-11-06T16:53:44","2026-05-05T16:53:44","2025-11-06T16:53:44"
"PEP-SYN-033-R2XTWTX5","Person","Laurent Mbiya","","","cd","DR Congo, DR Congo","","","","","SOE-Exec","Synthetic PEP Starter v1","2025-11-06T16:53:44","2026-05-05T16:53:44","2025-11-06T16:53:44"
"PEP-SYN-034-6UGQJKNC","Person","Wei Wu","","1974","cn","Shanghai, China","","","","","IO-Official","Synthetic PEP Starter v1","2025-11-06T16:53:44","2026-05-05T16:53:44","2025-11-06T16:53:44"
"PEP-SYN-035-T9VPATTJ","Person","Soe Hlaing","","1961","mm","","","","","","Military-Senior","Synthetic PEP Starter v1","2025-11-06T16:53:44","2026-05-05T16:53:44","2025-11-06T16:53:44"
"PEP-SYN-036-669ER6R8","Person","Rafael Perez","","1950","ve","","","","","","Family-PEP","Synthetic PEP Starter v1","2025-11-06T16:53:44","2026-05-05T16:53:44","2025-11-06T16:53:44"
"PEP-SYN-037-WXTMEH2Z","Person","Paulo Cardoso","","1946","ao","","","","","","Close-Assoc","Synthetic PEP Starter v1","2025-11-06T16:53:44","2026-05-05T16:53:44","2025-11-06T16:53:44"
"PEP-SYN-038-H9AFH2EC","Person","Edward Vella","","1959","mt","Malta, Malta","","","","","SOE-Exec","Synthetic PEP Starter v1","2025-11-06T16:53:44","2026-05-05T16:53:44","2025-11-06T16:53:44"
"PEP-SYN-039-MQ24PF6W","Person","Nikos Demetriou","N. Demetriou","","cy","","","","","","CB-Regulator","Synthetic PEP Starter v1","2025-11-06T16:53:44","2026-05-05T16:53:44","2025-11-06T16:53:44"
"PEP-SYN-040-TZVFAV4H","Person","Vladimir Popov","","","ru","","","","","","Family-PEP","Synthetic PEP Starter v1","2025-11-06T16:53:44","2026-05-05T16:53:44","2025-11-06T16:53:44"
"PEP-SYN-041-V2N696HQ","Person","Ilham Aliyev","","1957","az","","","","","","IO-Official","Synthetic PEP Starter v1","2025-11-06T16:53:44","2026-05-05T16:53:44","2025-11-06T16:53:44"
"PEP-SYN-042-TV7ZB5M2","Person","George Jones","","1952","gb","London, United Kingdom","","","","","Family-PEP","Synthetic PEP Starter v1","2025-11-06T16:53:44","2026-05-05T16:53:44","2025-11-06T16:53:44"
"PEP-SYN-043-U5UMU3DK","Person","Joana Lopes","J. Lopes","1983","ao","","","","","","Military-Senior","Synthetic PEP Starter v1","2025-11-06T16:53:44","2026-05-05T16:53:44","2025-11-06T16:53:44"
"PEP-SYN-044-XVGR6F7S","Person","Babatunde Ogundipe","B. Ogundipe","1985","ng","Lagos, Nigeria","","","","","Close-Assoc","Synthetic PEP Starter v1","2025-11-06T16:53:44","2026-05-05T16:53:44","2025-11-06T16:53:44"
"PEP-SYN-045-AXG9TGMN","Person","Thein Maung","","1950","mm","Myanmar, Myanmar","","","","","SOE-Exec","Synthetic PEP Starter v1","2025-11-06T16:53:44","2026-05-05T16:53:44","2025-11-06T16:53:44"
"PEP-SYN-046-DUACAXNR","Company","Sovereign Wealth Fund of Russia","","","ru","Moscow, Russia","","","","","SOE-Exec","Synthetic PEP Starter v1","2025-11-06T16:53:44","2026-05-05T16:53:44","2025-11-06T16:53:44"
"PEP-SYN-047-HPRHGU24","Person","Vugar Quliyev","","","az","","","","","","Minister","Synthetic PEP Starter v1","2025-11-06T16:53:44","2026-05-05T16:53:44","2025-11-06T16:53:44"
"PEP-SYN-048-SKCDRGAB","Person","Antonio Cardoso","","","ao","","","","","","Legislator","Synthetic PEP Starter v1","2025-11-06T16:53:44","2026-05-05T16:53:44","2025-11-06T16:53:44"
"PEP-SYN-049-SMTJNB5V","Person","Hua Zhang","H. Zhang","1962","cn","","","","","","Minister","Synthetic PEP Starter v1","2025-11-06T16:53:44","2026-05-05T16:53:44","2025-11-06T16:53:44"
"PEP-SYN-050-BRZ6PWTH","Person","Carmen Perez","C. Perez","","ve","","","","","","Minister","Synthetic PEP Starter v1","2025-11-06T16:53:44","2026-05-05T16:53:44","2025-11-06T16:53:44"
"PEP-SYN-051-WH5V4EH4","Person","Vladimir Smirnov","","","ru","Moscow, Russia","","","","","Legislator","Synthetic PEP Starter v1","2025-11-06T16:53:44","2026-05-05T16:53:44","2025-11-06T16:53:44"
"PEP-SYN-052-NUN9TJEG","Person","Jian Liu","J. Liu","1983","cn","Shanghai, China","","","","","CB-Regulator","Synthetic PEP Starter v1","2025-11-06T16:53:44","2026-05-05T16:53:44","2025-11-06T16:53:44"
"PEP-SYN-053-T8P8AQ47","Person","Mauricio Lopez","","","ar","","","","","","IO-Official","Synthetic PEP Starter v1","2025-11-06T16:53:44","2026-05-05T16:53:44","2025-11-06T16:53:44"
"PEP-SYN-054-BRBRWG4Q","Person","Murat Annayev","","","tm","","","","","","Minister","Synthetic PEP Starter v1","2025-11-06T16:53:44","2026-05-05T16:53:44","2025-11-06T16:53:44"
"PEP-SYN-055-YAV6437U","Person","Behzad Hosseini","","1954","ir","","","","","","CB-Regulator","Synthetic PEP Starter v1","2025-11-06T16:53:44","2026-05-05T16:53:44","2025-11-06T16:53:44"
"PEP-SYN-056-JKHG4N3X","Person","Joseph Camilleri","","1962","mt","","","","","","Close-Assoc","Synthetic PEP Starter v1","2025-11-06T16:53:44","2026-05-05T16:53:44","2025-11-06T16:53:44"
"PEP-SYN-057-HJPGYA7M","Person","Adaeze Bello","","1956","ng","","","","","","Legislator","Synthetic PEP Starter v1","2025-11-06T16:53:44","2026-05-05T16:53:44","2025-11-06T16:53:44"
"PEP-SYN-058-7CFRHBQZ","Person","Francisco Lopez","","","mx","","","","","","IO-Official","Synthetic PEP Starter v1","2025-11-06T16:53:44","2026-05-05T16:53:44","2025-11-06T16:53:44"
"PEP-SYN-059-V2QWKGF3","Person","Anna Camilleri","A. Camilleri","1977","mt","","","","","","HoS-current","Synthetic PEP Starter v1","2025-11-06T16:53:44","2026-05-05T16:53:44","2025-11-06T16:53:44"
"PEP-SYN-060-BGXRH52P","Person","Adewale Okonkwo","","","ng","Abuja, Nigeria","","","","","Military-Senior","Synthetic PEP Starter v1","2025-11-06T16:53:44","2026-05-05T16:53:44","2025-11-06T16:53:44"
"PEP-SYN-061-GZ5PV6HY","Person","Anna Szabo","","1952","hu","Hungary, Hungary","","","","","Legislator","Synthetic PEP Starter v1","2025-11-06T16:53:44","2026-05-05T16:53:44","2025-11-06T16:53:44"
"PEP-SYN-062-SX6W4ATU","Person","Manuel Lopes","","1977","ao","Angola, Angola","","","","","Family-PEP","Synthetic PEP Starter v1","2025-11-06T16:53:44","2026-05-05T16:53:44","2025-11-06T16:53:44"
"PEP-SYN-063-W6GKHDCK","Person","George Taylor","","1976","gb","London, United Kingdom","","","","","Close-Assoc","Synthetic PEP Starter v1","2025-11-06T16:53:44","2026-05-05T16:53:44","2025-11-06T16:53:44"
"PEP-SYN-064-TF3CSHRY","Person","Solange Kabamba","","","cd","DR Congo, DR Congo","","","","","Legislator","Synthetic PEP Starter v1","2025-11-06T16:53:44","2026-05-05T16:53:44","2025-11-06T16:53:44"
"PEP-SYN-065-ZMCW5WWG","Person","Pierre Petit","","","fr","","","","","","CB-Regulator","Synthetic PEP Starter v1","2025-11-06T16:53:44","2026-05-05T16:53:44","2025-11-06T16:53:44"
"PEP-SYN-066-NREP4WCW","Person","Patricia Smith","","1966","us","New York, United States","","","","","HoS-current","Synthetic PEP Starter v1","2025-11-06T16:53:44","2026-05-05T16:53:44","2025-11-06T16:53:44"
"PEP-SYN-067-PQYB9S4F","Person","Henry Davies","H. Davies","","gb","London, United Kingdom","","","","","Judge-Senior","Synthetic PEP Starter v1","2025-11-06T16:53:44","2026-05-05T16:53:44","2025-11-06T16:53:44"
"PEP-SYN-068-DF69JFMQ","Person","Joseph Tshisekedi","","","cd","DR Congo, DR Congo","","","","","Military-Senior","Synthetic PEP Starter v1","2025-11-06T16:53:44","2026-05-05T16:53:44","2025-11-06T16:53:44"
"PEP-SYN-069-GPAGAQ2X","Person","Hao Zhou","","","cn","Shanghai, China","","","","","Judge-Senior","Synthetic PEP Starter v1","2025-11-06T16:53:44","2026-05-05T16:53:44","2025-11-06T16:53:44"
"PEP-SYN-070-GWB8EWH5","Person","Viktar Sianko","","1961","by","","","","","","Minister","Synthetic PEP Starter v1","2025-11-06T16:53:44","2026-05-05T16:53:44","2025-11-06T16:53:44"
"PEP-SYN-071-2MWQTS3Y","Person","Tariq Khan","","1962","pk","Karachi, Pakistan","","","","","Close-Assoc","Synthetic PEP Starter v1","2025-11-06T16:53:44","2026-05-05T16:53:44","2025-11-06T16:53:44"
"PEP-SYN-072-P5XPP3BU","Person","Miguel Hernandez","","1953","mx","","","","","","SOE-Exec","Synthetic PEP Starter v1","2025-11-06T16:53:44","2026-05-05T16:53:44","2025-11-06T16:53:44"
"PEP-SYN-073-6UKXDJJY","Person","Fatima Malik","","","pk","","","","","","Military-Senior","Synthetic PEP Starter v1","2025-11-06T16:53:44","2026-05-05T16:53:44","2025-11-06T16:53:44"
"PEP-SYN-074-6TZ9WQSQ","Person","Lei Yang","","1949","cn","Shenzhen, China","","","","","SOE-Exec","Synthetic PEP Starter v1","2025-11-06T16:53:44","2026-05-05T16:53:44","2025-11-06T16:53:44"
"PEP-SYN-075-MEVPZD5Q","Person","Adaeze Ogundipe","","1961","ng","","","","","","CB-Regulator","Synthetic PEP Starter v1","2025-11-06T16:53:44","2026-05-05T16:53:44","2025-11-06T16:53:44"
"PEP-SYN-076-PF563Z3B","Person","Nikolai Petrov","","1964","ru","Moscow, Russia","","","","","SOE-Exec","Synthetic PEP Starter v1","2025-11-06T16:53:44","2026-05-05T16:53:44","2025-11-06T16:53:44"
"PEP-SYN-077-DQZSRZKF","Company","Russia National Mining Company","","","ru","Moscow, Russia","","","","","SOE-Exec","Synthetic PEP Starter v1","2025-11-06T16:53:44","2026-05-05T16:53:44","2025-11-06T16:53:44"
"PEP-SYN-078-RD8GGZ9W","Person","Michael Brown","","","us","","","","","","Judge-Senior","Synthetic PEP Starter v1","2025-11-06T16:53:44","2026-05-05T16:53:44","2025-11-06T16:53:44"
"PEP-SYN-079-5ZWVG4Q8","Person","Philippe Martin","","","fr","Paris, France","","","","","Family-PEP","Synthetic PEP Starter v1","2025-11-06T16:53:44","2026-05-05T16:53:44","2025-11-06T16:53:44"
"PEP-SYN-080-M8VW9CT6","Person","Konstantin Kuznetsov","K. Kuznetsov","1958","ru","Moscow, Russia","","","","","Legislator","Synthetic PEP Starter v1","2025-11-06T16:53:44","2026-05-05T16:53:44","2025-11-06T16:53:44"
"PEP-SYN-081-W262DUU9","Person","Kazem Rahimi","","","ir","Tehran, Iran","","","","","IO-Official","Synthetic PEP Starter v1","2025-11-06T16:53:44","2026-05-05T16:53:44","2025-11-06T16:53:44"
"PEP-SYN-082-JM5GJ9ZN","Person","Yang Li","","1968","cn","","","","","","HoS-former","Synthetic PEP Starter v1","2025-11-06T16:53:44","2026-05-05T16:53:44","2025-11-06T16:53:44"
"PEP-SYN-083-Q5HRYG4X","Person","Joao Silva","","1972","br","","","","","","SOE-Exec","Synthetic PEP Starter v1","2025-11-06T16:53:44","2026-05-05T16:53:44","2025-11-06T16:53:44"
"PEP-SYN-084-JNF5UR5W","Person","Thein Nyi","","1974","mm","Myanmar, Myanmar","","","","","HoS-former","Synthetic PEP Starter v1","2025-11-06T16:53:44","2026-05-05T16:53:44","2025-11-06T16:53:44"
"PEP-SYN-085-CQADZ6QY","Person","Laurent Mbiya","","","cd","","","","","","SOE-Exec","Synthetic PEP Starter v1","2025-11-06T16:53:44","2026-05-05T16:53:44","2025-11-06T16:53:44"
"PEP-SYN-086-KCQ5FDWQ","Person","Vladimir Smirnov","","1980","ru","St. Petersburg, Russia","","","","","Minister","Synthetic PEP Starter v1","2025-11-06T16:53:44","2026-05-05T16:53:44","2025-11-06T16:53:44"
"PEP-SYN-087-6QH9W5DW","Person","Ricardo Gonzalez","","1958","pa","Panama, Panama","","","","","Military-Senior","Synthetic PEP Starter v1","2025-11-06T16:53:44","2026-05-05T16:53:44","2025-11-06T16:53:44"
"PEP-SYN-088-NYQVRA27","Person","Pierre Muller","","1946","lu","","","","","","Close-Assoc","Synthetic PEP Starter v1","2025-11-06T16:53:44","2026-05-05T16:53:44","2025-11-06T16:53:44"
"PEP-SYN-089-W6MQE46S","Company","Luxembourg State Investment Authority","","","lu","Luxembourg, Luxembourg","","","","","SOE-Exec","Synthetic PEP Starter v1","2025-11-06T16:53:44","2026-05-05T16:53:44","2025-11-06T16:53:44"
"PEP-SYN-090-CTZMN4X3","Person","Pavel Popov","P. Popov","","ru","","","","","","Close-Assoc","Synthetic PEP Starter v1","2025-11-06T16:53:44","2026-05-05T16:53:44","2025-11-06T16:53:44"
"PEP-SYN-091-A8TJ5DF5","Person","Anna Vella","","1971","mt","","","","","","HoS-former","Synthetic PEP Starter v1","2025-11-06T16:53:44","2026-05-05T16:53:44","2025-11-06T16:53:44"
"PEP-SYN-092-8BZ8T6TA","Person","Aliaksandr Lukashenka","","1945","by","","","","","","Family-PEP","Synthetic PEP Starter v1","2025-11-06T16:53:44","2026-05-05T16:53:44","2025-11-06T16:53:44"
"PEP-SYN-093-KVQUD4EW","Person","Ming Huang","","","cn","Shanghai, China","","","","","Close-Assoc","Synthetic PEP Starter v1","2025-11-06T16:53:44","2026-05-05T16:53:44","2025-11-06T16:53:44"
"PEP-SYN-094-E2ZC7UZN","Person","Konstantin Lebedev","","1952","ru","","","","","","SOE-Exec","Synthetic PEP Starter v1","2025-11-06T16:53:44","2026-05-05T16:53:44","2025-11-06T16:53:44"
"PEP-SYN-095-EWBSC9CT","Person","Aliaksandr Lukashenka","","1950","by","","","","","","Family-PEP","Synthetic PEP Starter v1","2025-11-06T16:53:44","2026-05-05T16:53:44","2025-11-06T16:53:44"
"PEP-SYN-096-956A87N6","Person","Daniyar Bekmurzayev","","1954","kz","Astana, Kazakhstan","","","","","Minister","Synthetic PEP Starter v1","2025-11-06T16:53:44","2026-05-05T16:53:44","2025-11-06T16:53:44"
"PEP-SYN-097-PPNCWPC6","Person","Long Zhu","","1981","cn","","","","","","CB-Regulator","Synthetic PEP Starter v1","2025-11-06T16:53:44","2026-05-05T16:53:44","2025-11-06T16:53:44"
"PEP-SYN-098-GG33DVB4","Person","Salvador Obiang","","","gq","Equatorial Guinea, Equatorial Guinea","","","","","Judge-Senior","Synthetic PEP Starter v1","2025-11-06T16:53:44","2026-05-05T16:53:44","2025-11-06T16:53:44"
"PEP-SYN-099-CNHJ6Z3G","Person","Min Nyi","","1957","mm","","","","","","Close-Assoc","Synthetic PEP Starter v1","2025-11-06T16:53:44","2026-05-05T16:53:44","2025-11-06T16:53:44"
"PEP-SYN-100-JJN7DDYB","Person","Michael Johnson","M. Johnson","1973","us","","","","","","Family-PEP","Synthetic PEP Starter v1","2025-11-06T16:53:44","2026-05-05T16:53:44","2025-11-06T16:53:44"
"PEP-SYN-101-BASWQZYN","Person","Anne Schneider","","1969","lu","Luxembourg, Luxembourg","","","","","Judge-Senior","Synthetic PEP Starter v1","2025-11-06T16:53:44","2026-05-05T16:53:44","2025-11-06T16:53:44"
"PEP-SYN-102-BKEPUCV6","Person","Sergei Lebedev","S. Lebedev","1950","ru","Moscow, Russia","","","","","Judge-Senior","Synthetic PEP Starter v1","2025-11-06T16:53:44","2026-05-05T16:53:44","2025-11-06T16:53:44"
"PEP-SYN-103-ZTH89664","Person","Rami Shaaban","R. Shaaban","","sy","","","","","","Family-PEP","Synthetic PEP Starter v1","2025-11-06T16:53:44","2026-05-05T16:53:44","2025-11-06T16:53:44"
"PEP-SYN-104-6NE677VR","Person","Ricardo Silva","","1984","br","Brasilia, Brazil","","","","","Close-Assoc","Synthetic PEP Starter v1","2025-11-06T16:53:44","2026-05-05T16:53:44","2025-11-06T16:53:44"
"PEP-SYN-105-9K9BZUUH","Person","Laszlo Toth","","1973","hu","Hungary, Hungary","","","","","HoS-former","Synthetic PEP Starter v1","2025-11-06T16:53:44","2026-05-05T16:53:44","2025-11-06T16:53:44"
"PEP-SYN-106-V8UN6WA3","Person","Olumide Ogundipe","","1955","ng","Lagos, Nigeria","","","","","SOE-Exec","Synthetic PEP Starter v1","2025-11-06T16:53:44","2026-05-05T16:53:44","2025-11-06T16:53:44"
"PEP-SYN-107-GXJ6VF4Z","Person","Gurbanguly Atayev","G. Atayev","","tm","Turkmenistan, Turkmenistan","","","","","Minister","Synthetic PEP Starter v1","2025-11-06T16:53:44","2026-05-05T16:53:44","2025-11-06T16:53:44"
"PEP-SYN-108-92CY5VRP","Person","William Johnson","","","us","","","","","","SOE-Exec","Synthetic PEP Starter v1","2025-11-06T16:53:44","2026-05-05T16:53:44","2025-11-06T16:53:44"
"PEP-SYN-109-2X42A8V6","Person","Cheng Zhang","","1984","cn","Shenzhen, China","","","","","HoS-current","Synthetic PEP Starter v1","2025-11-06T16:53:44","2026-05-05T16:53:44","2025-11-06T16:53:44"
"PEP-SYN-110-PUNG45VX","Person","Aung Maung","A. Maung","","mm","","","","","","Family-PEP","Synthetic PEP Starter v1","2025-11-06T16:53:44","2026-05-05T16:53:44","2025-11-06T16:53:44"
"PEP-SYN-111-MF7QQ4JD","Person","Rashad Mammadov","","1960","az","","","","","","Judge-Senior","Synthetic PEP Starter v1","2025-11-06T16:53:44","2026-05-05T16:53:44","2025-11-06T16:53:44"
"PEP-SYN-112-EDAS2DU4","Person","Ilham Quliyev","","","az","","","","","","Close-Assoc","Synthetic PEP Starter v1","2025-11-06T16:53:44","2026-05-05T16:53:44","2025-11-06T16:53:44"
"PEP-SYN-113-CVP7VTQG","Person","Nikos Georgiou","N. Georgiou","","cy","Cyprus, Cyprus","","","","","Judge-Senior","Synthetic PEP Starter v1","2025-11-06T16:53:44","2026-05-05T16:53:44","2025-11-06T16:53:44"
"PEP-SYN-114-8X3CYBJE","Person","Channary Sen","","","kh","Cambodia, Cambodia","","","","","CB-Regulator","Synthetic PEP Starter v1","2025-11-06T16:53:44","2026-05-05T16:53:44","2025-11-06T16:53:44"
"PEP-SYN-115-5UDFXESG","Person","Zahra Ahmadi","","","ir","Isfahan, Iran","","","","","Military-Senior","Synthetic PEP Starter v1","2025-11-06T16:53:44","2026-05-05T16:53:44","2025-11-06T16:53:44"
"PEP-SYN-116-F4FNV7KB","Person","Olumide Okafor","","","ng","","","","","","Minister","Synthetic PEP Starter v1","2025-11-06T16:53:44","2026-05-05T16:53:44","2025-11-06T16:53:44"
"PEP-SYN-117-3SWYDNFA","Person","Konstantin Lebedev","K. Lebedev","1973","ru","Moscow, Russia","","","","","Judge-Senior","Synthetic PEP Starter v1","2025-11-06T16:53:44","2026-05-05T16:53:44","2025-11-06T16:53:44"
"PEP-SYN-118-3649TPDD","Person","Dmitri Volkov","D. Volkov","1973","ru","","","","","","Judge-Senior","Synthetic PEP Starter v1","2025-11-06T16:53:44","2026-05-05T16:53:44","2025-11-06T16:53:44"
"PEP-SYN-119-6JDECPA9","Person","Tariq Malik","","","pk","Islamabad, Pakistan","","","","","Judge-Senior","Synthetic PEP Starter v1","2025-11-06T16:53:44","2026-05-05T16:53:44","2025-11-06T16:53:44"
"PEP-SYN-120-G8NBRYH8","Person","Nikos Constantinou","","","cy","","","","","","Close-Assoc","Synthetic PEP Starter v1","2025-11-06T16:53:44","2026-05-05T16:53:44","2025-11-06T16:53:44"
"PEP-SYN-121-QDR4KKBX","Person","Diego Garcia","","1965","ar","","","","","","Family-PEP","Synthetic PEP Starter v1","2025-11-06T16:53:44","2026-05-05T16:53:44","2025-11-06T16:53:44"
"PEP-SYN-122-8U69UH2D","Person","Ming Yang","","","cn","Shanghai, China","","","","","Military-Senior","Synthetic PEP Starter v1","2025-11-06T16:53:44","2026-05-05T16:53:44","2025-11-06T16:53:44"
"PEP-SYN-123-JFTFVM46","Person","Constancia Obiang","","1975","gq","Equatorial Guinea, Equatorial Guinea","","","","","IO-Official","Synthetic PEP Starter v1","2025-11-06T16:53:44","2026-05-05T16:53:44","2025-11-06T16:53:44"
"PEP-SYN-124-V5J6B77C","Person","Patrice Kabamba","","1948","cd","DR Congo, DR Congo","","","","","Judge-Senior","Synthetic PEP Starter v1","2025-11-06T16:53:44","2026-05-05T16:53:44","2025-11-06T16:53:44"
"PEP-SYN-125-PBNK4JP7","Person","Olumide Okonkwo","","1953","ng","Abuja, Nigeria","","","","","SOE-Exec","Synthetic PEP Starter v1","2025-11-06T16:53:44","2026-05-05T16:53:44","2025-11-06T16:53:44"
"PEP-SYN-126-3ZPTMAP8","Person","Xin Zhu","X. Zhu","1950","cn","Shanghai, China","","","","","Judge-Senior","Synthetic PEP Starter v1","2025-11-06T16:53:44","2026-05-05T16:53:44","2025-11-06T16:53:44"
"PEP-SYN-127-BG4R37GF","Person","Thein Maung","","1970","mm","","","","","","HoS-current","Synthetic PEP Starter v1","2025-11-06T16:53:44","2026-05-05T16:53:44","2025-11-06T16:53:44"
"PEP-SYN-128-DJK5C9G5","Person","Manuel Garcia","","","ve","","","","","","Judge-Senior","Synthetic PEP Starter v1","2025-11-06T16:53:44","2026-05-05T16:53:44","2025-11-06T16:53:44"
"PEP-SYN-129-VCYMSC8T","Person","Mehdi Mousavi","","1955","ir","","","","","","Minister","Synthetic PEP Starter v1","2025-11-06T16:53:44","2026-05-05T16:53:44","2025-11-06T16:53:44"
"PEP-SYN-130-GZ98MD33","Person","Francois Martin","F. Martin","","fr","","","","","","Family-PEP","Synthetic PEP Starter v1","2025-11-06T16:53:44","2026-05-05T16:53:44","2025-11-06T16:53:44"
"PEP-SYN-131-SDTED3E3","Person","Thein Aung","","1961","mm","Myanmar, Myanmar","","","","","CB-Regulator","Synthetic PEP Starter v1","2025-11-06T16:53:44","2026-05-05T16:53:44","2025-11-06T16:53:44"
"PEP-SYN-132-565EDUCK","Person","Babatunde Okafor","","1984","ng","Abuja, Nigeria","","","","","Legislator","Synthetic PEP Starter v1","2025-11-06T16:53:44","2026-05-05T16:53:44","2025-11-06T16:53:44"
"PEP-SYN-133-HJG6NXJ6","Person","Carlos Rodriguez","C. Rodriguez","","ve","","","","","","Close-Assoc","Synthetic PEP Starter v1","2025-11-06T16:53:44","2026-05-05T16:53:44","2025-11-06T16:53:44"
"PEP-SYN-134-RMBHV2DC","Person","Thein Maung","","1976","mm","Myanmar, Myanmar","","","","","Minister","Synthetic PEP Starter v1","2025-11-06T16:53:44","2026-05-05T16:53:44","2025-11-06T16:53:44"
"PEP-SYN-135-M9S3MH7J","Person","Asif Hussain","","1982","pk","Karachi, Pakistan","","","","","CB-Regulator","Synthetic PEP Starter v1","2025-11-06T16:53:44","2026-05-05T16:53:44","2025-11-06T16:53:44"
"PEP-SYN-136-6FR8FJTN","Person","Mei Liu","M. Liu","","cn","Shenzhen, China","","","","","Judge-Senior","Synthetic PEP Starter v1","2025-11-06T16:53:44","2026-05-05T16:53:44","2025-11-06T16:53:44"
"PEP-SYN-137-CZ7GYKCK","Person","Nikos Georgiou","","1969","cy","","","","","","Military-Senior","Synthetic PEP Starter v1","2025-11-06T16:53:44","2026-05-05T16:53:44","2025-11-06T16:53:44"
"PEP-SYN-138-9AKB9ZBT","Person","Pierre Weber","","","lu","","","","","","Military-Senior","Synthetic PEP Starter v1","2025-11-06T16:53:44","2026-05-05T16:53:44","2025-11-06T16:53:44"
"PEP-SYN-139-EXEVDZTU","Person","Manuel Perez","","1979","ve","","","","","","Military-Senior","Synthetic PEP Starter v1","2025-11-06T16:53:44","2026-05-05T16:53:44","2025-11-06T16:53:44"
"PEP-SYN-140-VKAYKRA6","Person","Irina Sokolov","","","ru","","","","","","IO-Official","Synthetic PEP Starter v1","2025-11-06T16:53:44","2026-05-05T16:53:44","2025-11-06T16:53:44"
"PEP-SYN-141-CRH5QT62","Person","Maria Demetriou","","","cy","Cyprus, Cyprus","","","","","Minister","Synthetic PEP Starter v1","2025-11-06T16:53:44","2026-05-05T16:53:44","2025-11-06T16:53:44"
"PEP-SYN-142-PM9KSSWY","Person","Paulo Pereira","","1950","ao","","","","","","SOE-Exec","Synthetic PEP Starter v1","2025-11-06T16:53:44","2026-05-05T16:53:44","2025-11-06T16:53:44"
"PEP-SYN-143-SZWYBX32","Person","James Brown","","","us","","","","","","Family-PEP","Synthetic PEP Starter v1","2025-11-06T16:53:44","2026-05-05T16:53:44","2025-11-06T16:53:44"
"PEP-SYN-144-PKJHXZ6W","Company","Myanmar National Mining Company","","","mm","Myanmar, Myanmar","","","","","SOE-Exec","Synthetic PEP Starter v1","2025-11-06T16:53:44","2026-05-05T16:53:44","2025-11-06T16:53:44"
"PEP-SYN-145-CUBMQT87","Person","Xia Chen","","","cn","Shenzhen, China","","","","","Minister","Synthetic PEP Starter v1","2025-11-06T16:53:44","2026-05-05T16:53:44","2025-11-06T16:53:44"
"PEP-SYN-146-6HCY92AE","Person","James Brown","","","us","","","","","","CB-Regulator","Synthetic PEP Starter v1","2025-11-06T16:53:44","2026-05-05T16:53:44","2025-11-06T16:53:44"
"PEP-SYN-147-3Q5GB7EQ","Person","Edward Vella","E. Vella","1960","mt","Malta, Malta","","","","","IO-Official","Synthetic PEP Starter v1","2025-11-06T16:53:44","2026-05-05T16:53:44","2025-11-06T16:53:44"
"PEP-SYN-148-6GSNDFRK","Person","Viktar Sianko","","1975","by","Belarus, Belarus","","","","","Judge-Senior","Synthetic PEP Starter v1","2025-11-06T16:53:44","2026-05-05T16:53:44","2025-11-06T16:53:44"
"PEP-SYN-149-YM53VKXJ","Person","Joseph Vella","","1949","mt","","","","","","Judge-Senior","Synthetic PEP Starter v1","2025-11-06T16:53:44","2026-05-05T16:53:44","2025-11-06T16:53:44"
"PEP-SYN-150-4XJGU3G6","Person","Vugar Aliyev","","1976","az","Azerbaijan, Azerbaijan","","","","","Minister","Synthetic PEP Starter v1","2025-11-06T16:53:44","2026-05-05T16:53:44","2025-11-06T16:53:44"
"PEP-SYN-151-2S8M43FD","Person","Berdymukhamed Annayev","B. Annayev","","tm","Turkmenistan, Turkmenistan","","","","","Close-Assoc","Synthetic PEP Starter v1","2025-11-06T16:53:44","2026-05-05T16:53:44","2025-11-06T16:53:44"
"PEP-SYN-152-DXEGWYYE","Person","James Taylor","","1971","gb","","","","","","HoS-former","Synthetic PEP Starter v1","2025-11-06T16:53:44","2026-05-05T16:53:44","2025-11-06T16:53:44"
"PEP-SYN-153-J6S9V2T2","Person","Mikalai Karpenka","M. Karpenka","1970","by","Belarus, Belarus","","","","","Judge-Senior","Synthetic PEP Starter v1","2025-11-06T16:53:44","2026-05-05T16:53:44","2025-11-06T16:53:44"
"PEP-SYN-154-8YXST53U","Person","Aliaksandr Lukashenka","","","by","Belarus, Belarus","","","","","Close-Assoc","Synthetic PEP Starter v1","2025-11-06T16:53:44","2026-05-05T16:53:44","2025-11-06T16:53:44"
"PEP-SYN-155-G9K8TWT3","Person","Diego Rodriguez","","","ve","","","","","","HoS-former","Synthetic PEP Starter v1","2025-11-06T16:53:44","2026-05-05T16:53:44","2025-11-06T16:53:44"
"PEP-SYN-156-9FBA3KZM","Person","Philippe Dubois","","1978","fr","Paris, France","","","","","Minister","Synthetic PEP Starter v1","2025-11-06T16:53:44","2026-05-05T16:53:44","2025-11-06T16:53:44"
"PEP-SYN-157-FF6BE7TK","Person","Vann Chea","","","kh","","","","","","Family-PEP","Synthetic PEP Starter v1","2025-11-06T16:53:44","2026-05-05T16:53:44","2025-11-06T16:53:44"
"PEP-SYN-158-J6E9A8CP","Person","Diego Garcia","","1980","ar","","","","","","Legislator","Synthetic PEP Starter v1","2025-11-06T16:53:44","2026-05-05T16:53:44","2025-11-06T16:53:44"
"PEP-SYN-159-3W48UTMS","Person","Patrice Mukendi","","1983","cd","DR Congo, DR Congo","","","","","Family-PEP","Synthetic PEP Starter v1","2025-11-06T16:53:44","2026-05-05T16:53:44","2025-11-06T16:53:44"
"PEP-SYN-160-8Y8ZS5ST","Company","Banco Central de Kazakhstan","","","kz","","","","","","SOE-Exec","Synthetic PEP Starter v1","2025-11-06T16:53:44","2026-05-05T16:53:44","2025-11-06T16:53:44"
"PEP-SYN-161-KPDBADJX","Person","Rafael Garcia","","","ve","","","","","","Judge-Senior","Synthetic PEP Starter v1","2025-11-06T16:53:44","2026-05-05T16:53:44","2025-11-06T16:53:44"
"PEP-SYN-162-W9S62AKY","Person","Vladimir Kuznetsov","","1981","ru","St. Petersburg, Russia","","","","","IO-Official","Synthetic PEP Starter v1","2025-11-06T16:53:44","2026-05-05T16:53:44","2025-11-06T16:53:44"
"PEP-SYN-163-ATVHZSPS","Person","Kazem Hosseini","","1966","ir","","","","","","Minister","Synthetic PEP Starter v1","2025-11-06T16:53:44","2026-05-05T16:53:44","2025-11-06T16:53:44"
"PEP-SYN-164-J3VW4ZVQ","Person","Hua Zhou","H. Zhou","1948","cn","","","","","","CB-Regulator","Synthetic PEP Starter v1","2025-11-06T16:53:44","2026-05-05T16:53:44","2025-11-06T16:53:44"
"PEP-SYN-165-3NPQYNYH","Person","Igor Smirnov","I. Smirnov","1968","ru","Moscow, Russia","","","","","Minister","Synthetic PEP Starter v1","2025-11-06T16:53:44","2026-05-05T16:53:44","2025-11-06T16:53:44"
"PEP-SYN-166-JVRQFUZY","Person","Svetlana Sokolov","","","ru","","","","","","Close-Assoc","Synthetic PEP Starter v1","2025-11-06T16:53:44","2026-05-05T16:53:44","2025-11-06T16:53:44"
"PEP-SYN-167-UE4DZEGM","Person","Michael Jones","","","us","","","","","","Close-Assoc","Synthetic PEP Starter v1","2025-11-06T16:53:44","2026-05-05T16:53:44","2025-11-06T16:53:44"
"PEP-SYN-168-KH3P2R74","Person","Viktor Szabo","V. Szabo","","hu","","","","","","Legislator","Synthetic PEP Starter v1","2025-11-06T16:53:44","2026-05-05T16:53:44","2025-11-06T16:53:44"
"PEP-SYN-169-HA3Y4QYA","Person","Joseph Mukendi","","1981","cd","DR Congo, DR Congo","","","","","CB-Regulator","Synthetic PEP Starter v1","2025-11-06T16:53:44","2026-05-05T16:53:44","2025-11-06T16:53:44"
"PEP-SYN-170-M6TVRVEY","Company","Sovereign Wealth Fund of China","","","cn","","","","","","SOE-Exec","Synthetic PEP Starter v1","2025-11-06T16:53:44","2026-05-05T16:53:44","2025-11-06T16:53:44"
"PEP-SYN-171-URS4JSD3","Person","Bo Wu","","1953","cn","","","","","","Legislator","Synthetic PEP Starter v1","2025-11-06T16:53:44","2026-05-05T16:53:44","2025-11-06T16:53:44"
"PEP-SYN-172-GH9DKZEF","Person","Ramon Garcia","R. Garcia","","ve","","","","","","HoS-former","Synthetic PEP Starter v1","2025-11-06T16:53:44","2026-05-05T16:53:44","2025-11-06T16:53:44"
"PEP-SYN-173-6ERUP6SE","Person","Tariq Ahmed","","","pk","","","","","","Family-PEP","Synthetic PEP Starter v1","2025-11-06T16:53:44","2026-05-05T16:53:44","2025-11-06T16:53:44"
"PEP-SYN-174-FGKKJF52","Person","Xin Chen","X. Chen","","cn","","","","","","HoS-current","Synthetic PEP Starter v1","2025-11-06T16:53:44","2026-05-05T16:53:44","2025-11-06T16:53:44"
"PEP-SYN-175-4SXKX9MJ","Person","Berdymukhamed Berdymukhamedov","","","tm","","","","","","Judge-Senior","Synthetic PEP Starter v1","2025-11-06T16:53:44","2026-05-05T16:53:44","2025-11-06T16:53:44"
"PEP-SYN-176-BHU4DAZ9","Person","Manuel Lopes","M. Lopes","1971","ao","Angola, Angola","","","","","Minister","Synthetic PEP Starter v1","2025-11-06T16:53:44","2026-05-05T16:53:44","2025-11-06T16:53:44"
"PEP-SYN-177-NEUWCGCF","Person","Fatima Khan","","","pk","Islamabad, Pakistan","","","","","Minister","Synthetic PEP Starter v1","2025-11-06T16:53:44","2026-05-05T16:53:44","2025-11-06T16:53:44"
"PEP-SYN-178-CBSRPHZM","Person","Chol Ri","C. Ri","","kp","North Korea, North Korea","","","","","Judge-Senior","Synthetic PEP Starter v1","2025-11-06T16:53:44","2026-05-05T16:53:44","2025-11-06T16:53:44"
"PEP-SYN-179-QTK2ZSGZ","Person","Adewale Okafor","A. Okafor","1956","ng","Lagos, Nigeria","","","","","CB-Regulator","Synthetic PEP Starter v1","2025-11-06T16:53:44","2026-05-05T16:53:44","2025-11-06T16:53:44"
"PEP-SYN-180-AQ6RFUE4","Person","Camila Santos","C. Santos","","br","","","","","","CB-Regulator","Synthetic PEP Starter v1","2025-11-06T16:53:44","2026-05-05T16:53:44","2025-11-06T16:53:44"
"PEP-SYN-181-XUKNPY45","Person","Soe Aung","","","mm","Myanmar, Myanmar","","","","","Close-Assoc","Synthetic PEP Starter v1","2025-11-06T16:53:44","2026-05-05T16:53:44","2025-11-06T16:53:44"
"PEP-SYN-182-5A9JSJKM","Person","Bo Yang","","1945","cn","Beijing, China","","","","","Judge-Senior","Synthetic PEP Starter v1","2025-11-06T16:53:44","2026-05-05T16:53:44","2025-11-06T16:53:44"
"PEP-SYN-183-FYZ45VZS","Person","Patrice Tshisekedi","","1963","cd","","","","","","Family-PEP","Synthetic PEP Starter v1","2025-11-06T16:53:44","2026-05-05T16:53:44","2025-11-06T16:53:44"
"PEP-SYN-184-C4B3UR52","Person","Chol Ri","","1973","kp","North Korea, North Korea","","","","","Family-PEP","Synthetic PEP Starter v1","2025-11-06T16:53:44","2026-05-05T16:53:44","2025-11-06T16:53:44"
"PEP-SYN-185-KFZG9UEP","Person","Aliaksandr Sianko","A. Sianko","","by","","","","","","Minister","Synthetic PEP Starter v1","2025-11-06T16:53:44","2026-05-05T16:53:44","2025-11-06T16:53:44"
"PEP-SYN-186-R88ATRUU","Person","Sokha Chea","","","kh","","","","","","Family-PEP","Synthetic PEP Starter v1","2025-11-06T16:53:44","2026-05-05T16:53:44","2025-11-06T16:53:44"
"PEP-SYN-187-8G5AQWHJ","Company","China Telecommunications State Holding","","","cn","Shanghai, China","","","","","SOE-Exec","Synthetic PEP Starter v1","2025-11-06T16:53:44","2026-05-05T16:53:44","2025-11-06T16:53:44"
"PEP-SYN-188-YNM4Q6C5","Person","Thein Maung","","1964","mm","","","","","","Judge-Senior","Synthetic PEP Starter v1","2025-11-06T16:53:44","2026-05-05T16:53:44","2025-11-06T16:53:44"
"PEP-SYN-189-7HPKRYPY","Person","Xia Huang","","1972","cn","Shenzhen, China","","","","","Family-PEP","Synthetic PEP Starter v1","2025-11-06T16:53:44","2026-05-05T16:53:44","2025-11-06T16:53:44"
"PEP-SYN-190-2H68VEZK","Person","Xia Zhu","X. Zhu","","cn","Shanghai, China","","","","","Legislator","Synthetic PEP Starter v1","2025-11-06T16:53:44","2026-05-05T16:53:44","2025-11-06T16:53:44"
"PEP-SYN-191-B3A9KB7T","Person","Manuel Cardoso","M. Cardoso","1959","ao","","","","","","Close-Assoc","Synthetic PEP Starter v1","2025-11-06T16:53:44","2026-05-05T16:53:44","2025-11-06T16:53:44"
"PEP-SYN-192-KVT3TSGK","Person","Andreas Demetriou","A. Demetriou","1968","cy","","","","","","Military-Senior","Synthetic PEP Starter v1","2025-11-06T16:53:44","2026-05-05T16:53:44","2025-11-06T16:53:44"
"PEP-SYN-193-ADWV4GW5","Person","Patrice Tshisekedi","","","cd","DR Congo, DR Congo","","","","","Military-Senior","Synthetic PEP Starter v1","2025-11-06T16:53:44","2026-05-05T16:53:44","2025-11-06T16:53:44"
"PEP-SYN-194-U3MDKANK","Person","Ramon Hernandez","","1958","ve","","","","","","Military-Senior","Synthetic PEP Starter v1","2025-11-06T16:53:44","2026-05-05T16:53:44","2025-11-06T16:53:44"
"PEP-SYN-195-AWP6RW69","Person","Hans Schmidt","","1948","de","","","","","","Legislator","Synthetic PEP Starter v1","2025-11-06T16:53:44","2026-05-05T16:53:44","2025-11-06T16:53:44"
"PEP-SYN-196-FEG4PUXT","Person","Babatunde Ogundipe","B. Ogundipe","1985","ng","","","","","","Legislator","Synthetic PEP Starter v1","2025-11-06T16:53:44","2026-05-05T16:53:44","2025-11-06T16:53:44"
"PEP-SYN-197-2WTWS4SG","Person","Elchin Quliyev","","","az","Azerbaijan, Azerbaijan","","","","","Legislator","Synthetic PEP Starter v1","2025-11-06T16:53:44","2026-05-05T16:53:44","2025-11-06T16:53:44"
"PEP-SYN-198-BCKM6MWH","Person","Diego Rodriguez","","","ar","Argentina, Argentina","","","","","CB-Regulator","Synthetic PEP Starter v1","2025-11-06T16:53:44","2026-05-05T16:53:44","2025-11-06T16:53:44"
"PEP-SYN-199-G2ZF8RY6","Person","Aleksei Petrov","","","ru","St. Petersburg, Russia","","","","","Judge-Senior","Synthetic PEP Starter v1","2025-11-06T16:53:44","2026-05-05T16:53:44","2025-11-06T16:53:44"
