"id","schema","name","aliases","birth_date","countries","addresses","identifiers","sanctions","phones","emails","program_ids","dataset","first_seen","last_seen","last_change"
"NK-25R9tkNmZQDoo4mvxwu9nH","Company","Al-Barakaat Group of Companies Somalia Limited","Al-Barakaat","","","","","Other","","","","US OFAC Enforcement Actions","2025-08-28T06:52:47","2026-04-25T08:44:02","2025-08-28T06:52:47"
"NK-2aHjV6zT3m5eptpRePU2Xo","Company","Aeroflex/Metelics, Inc.","","","","","","Other","","","","US OFAC Enforcement Actions","2025-08-28T06:52:47","2026-04-25T08:44:02","2025-08-28T06:52:47"
"NK-4edTp9oLznknWvdPjf2Zjp","Company","Alfa Laval Inc.","","","us","Richmond, Virginia","","Other","","","","US OFAC Enforcement Actions","2025-08-28T06:52:47","2026-04-25T08:44:02","2025-08-28T06:52:47"
"NK-6Y2ZRzPgukWhZNpoHYCFyk","Person","Gerhard Wisser","","","","","","Other","","","","US OFAC Enforcement Actions","2025-08-28T06:52:47","2026-04-25T08:44:02","2025-08-28T06:52:47"
"NK-8jsMKjbAEmjAxcf8gAPf4u","Company","NOV Elmar","","","","","","Settled","","","","US OFAC Enforcement Actions","2025-08-28T06:52:47","2026-04-25T08:44:02","2025-08-28T06:52:47"
"NK-8uewTQQuUxt35a2LyWQLFg","Company","Kairaba Shopping Center","","","","The Gambia","","Other","","","","US OFAC Enforcement Actions","2025-08-28T06:52:47","2026-04-25T08:44:02","2025-08-28T06:52:47"
"NK-8zW6UP4kqSvUyGruyU5WQ9","Company","Zoltek Vegyipari ZRT","Zoltek ZRT","","hu","","","Settled","","","","US OFAC Enforcement Actions","2025-08-28T06:52:47","2026-04-25T08:44:02","2025-08-28T06:52:47"
"NK-975T4FSLVe6GmNz7MqSw7T","Company","Dreco Energy Services, Ltd.","","","","","","Settled","","","","US OFAC Enforcement Actions","2025-08-28T06:52:47","2026-04-25T08:44:02","2025-08-28T06:52:47"
"NK-9D6CErsrFytnLxgLXowLck","Company","Aban Offshore Limited","","","in","Chennai","","Settled","","","","US OFAC Enforcement Actions","2025-08-28T06:52:47","2026-04-25T08:44:02","2025-08-28T06:52:47"
"NK-9M6fLG6wKcYC5eLtSdWKpT","Company","DENTSPLY SIRONA INC.","","","us","Delaware","","Settled","","","","US OFAC Enforcement Actions","2025-08-28T06:52:47","2026-04-25T08:44:02","2025-08-28T06:52:47"
"NK-9mihWyfH7tg5F3gNT9yL4t","Company","Construction Specialties Inc.","","","","","","Settled","","","","US OFAC Enforcement Actions","2025-08-28T06:52:47","2026-04-25T08:44:02","2025-08-28T06:52:47"
"NK-9x55pgkzE5mu3ERnYqvSKt","Company","Keysight Technologies Inc.","","","","Santa Rosa, California","","Settled","","","","US OFAC Enforcement Actions","2025-08-28T06:52:47","2026-04-25T08:44:02","2025-08-28T06:52:47"
"NK-ABJozD8yK9kuhb3Lftj6Uy","Company","Gracetown, Inc.","","","","","","Filed","","","","US OFAC Enforcement Actions","2025-12-09T09:57:13","2026-04-25T08:44:02","2025-12-09T09:57:13"
"NK-CximxQp9npAVi7aP2JvxgV","Company","Construction Specialties, Middle East L.L.C.","","","ae","","","Settled","","","","US OFAC Enforcement Actions","2025-08-28T06:52:47","2026-04-25T08:44:02","2025-08-28T06:52:47"
"NK-F7nLMoAyHm2m4JfJdWHBzz","Company","National Commercial Bank","","","sa","Jeddah","","Settled","","","","US OFAC Enforcement Actions","2025-08-28T06:52:47","2026-04-25T08:44:02","2025-08-28T06:52:47"
"NK-G2KoHHQC3ewW88MVeBxvy5","Company","Binance Holdings, Ltd.","Binance","","ky","","","Settled","","","","US OFAC Enforcement Actions","2025-08-28T06:52:47","2026-04-25T08:44:02","2025-08-28T06:52:47"
"NK-Hwy9kkjVP3K83rKRBbf3Rf","Company","Jiangsu Guoqiang Tools Co., Ltd.","GQ","","cn","","","Settled","","","","US OFAC Enforcement Actions","2025-08-28T06:52:47","2026-04-25T08:44:02","2025-08-28T06:52:47"
"NK-KaUquE2okfJD2HfeWQE9tN","Company","UniCredit Bank Austria AG","","","at","","","Settled","","","","US OFAC Enforcement Actions","2025-08-28T06:52:47","2026-04-25T08:44:02","2025-08-28T06:52:47"
"NK-N8cchWcdbDxLp7sHpLuN8S","Company","Wells Fargo Bank, N.A.","","","","","","Settled","","","","US OFAC Enforcement Actions","2025-08-28T06:52:47","2026-04-25T08:44:02","2025-08-28T06:52:47"
"NK-NCDFrVVzGqdYH22Kyzbwq8","Company","Zoltek Corporation","Zoltek U.S.","","","United States","","Settled","","","","US OFAC Enforcement Actions","2025-08-28T06:52:47","2026-04-25T08:44:02","2025-08-28T06:52:47"
"NK-PyLHJWvVJAEQcbjWBkRsjw","Company","First Bank SA","","","ro","","","Settled","","","","US OFAC Enforcement Actions","2025-08-28T06:52:47","2026-04-25T08:44:02","2025-08-28T06:52:47"
"NK-R9qwuDBptosquHLRCQ7KMT","Company","Comtech EF Data Corp.","EF Data","","","Tempe, Arizona","","Settled","","","","US OFAC Enforcement Actions","2025-08-28T06:52:47","2026-04-25T08:44:02","2025-08-28T06:52:47"
"NK-RRX2Xmu5ChEwmpwrt88J8h","Company","JPMorgan Chase Bank, N.A.","","","","","","Settled","","","","US OFAC Enforcement Actions","2025-08-28T06:52:47","2026-04-25T08:44:02","2025-08-28T06:52:47"
"NK-RfmgA7bdsqy9QahSgfTjxH","Company","Zoltek Companies, Inc.","","","us","Bridgeton, Missouri","","Settled","","","","US OFAC Enforcement Actions","2025-08-28T06:52:47","2026-04-25T08:44:02","2025-08-28T06:52:47"
"NK-SCeJzLxoyTqBzbG6RctKaU","Company","ExxonMobil Corp.","ExxonMobil Oil Corp.","","us","Irving, Texas","","Other","","","","US OFAC Enforcement Actions","2025-08-28T06:52:47","2026-04-25T08:44:02","2025-08-28T06:52:47"
"NK-Sqj9KUjPaeZgsdgKbSTnBo","Company","Anite Finland OY","","","","Finland","","Other","","","","US OFAC Enforcement Actions","2025-08-28T06:52:47","2026-04-25T08:44:02","2025-08-28T06:52:47"
"NK-TMw8ACunzfKJY7pZic9C9Z","Company","National Oilwell Varco, Inc.","","","us","","","Settled","","","","US OFAC Enforcement Actions","2025-08-28T06:52:47","2026-04-25T08:44:02","2025-08-28T06:52:47"
"NK-TYB7amAMxUHq3hz3qswDNu","Company","Société Générale S.A","","","","","","Settled","","","","US OFAC Enforcement Actions","2025-08-28T06:52:47","2026-04-25T08:44:02","2025-08-28T06:52:47"
"NK-UVonZfdUCppKpWhiKvVX9P","Company","Microsoft Corporation","","","","Redmond, Washington","","Settled","","","","US OFAC Enforcement Actions","2025-08-28T06:52:47","2026-04-25T08:44:02","2025-08-28T06:52:47"
"NK-VC6caAaE2Awh6VeT3zzbKX","Company","DENTSPLY International Inc.","","","","","","Other","","","","US OFAC Enforcement Actions","2025-08-28T06:52:47","2026-04-25T08:44:02","2025-08-28T06:52:47"
"NK-VD5PLu7kFo9RFSMhZpzWq2","Company","Toronto-Dominion Bank","TD Bank","","ca","","","Settled","","","","US OFAC Enforcement Actions","2025-08-28T06:52:47","2026-04-25T08:44:02","2025-08-28T06:52:47"
"NK-VaTnNbS8PviupoG2YQDwYk","Company","Kollmorgen Corporation","","","us","Radford, Virginia","","Settled","","","","US OFAC Enforcement Actions","2025-08-28T06:52:47","2026-04-25T08:44:02","2025-08-28T06:52:47"
"NK-W4Q6DhxJubXtWrYz39LbnR","Company","Cobham Holdings, Inc.","","","","Arlington, Virginia","","Settled","","","","US OFAC Enforcement Actions","2025-08-28T06:52:47","2026-04-25T08:44:02","2025-08-28T06:52:47"
"NK-WyTFPAbWrTZDkG6Fe97Fv5","Company","2H Offshore Engineering Ltd.","","","gb","","","Settled","","","","US OFAC Enforcement Actions","2025-08-28T06:52:47","2026-04-25T08:44:02","2025-08-28T06:52:47"
"NK-XKKDN6fxidADiSZvPDV5q5","Company","Acteon Group Ltd.","","","gb","","","Settled","","","","US OFAC Enforcement Actions","2025-08-28T06:52:47","2026-04-25T08:44:02","2025-08-28T06:52:47"
"NK-XUi2D8PPUendYCakqYTYRB","Company","Elsim Elektroteknik Sistemler Sanayi ve Ticaret Anonim Sirketi","Elsim","","tr","","","Other","","","","US OFAC Enforcement Actions","2025-08-28T06:52:47","2026-04-25T08:44:02","2025-08-28T06:52:47"
"NK-Y8A5QSUZ89kDH8GwACybQU","Company","CSE Global Limited","","","sg","","","Other","","","","US OFAC Enforcement Actions","2025-08-28T06:52:47","2026-04-25T08:44:02","2025-08-28T06:52:47"
"NK-YEebVNvQHeh27YVrNy9Rby","Company","Shuen Wai Holding Limited","","","","Hong Kong","","Other","","","","US OFAC Enforcement Actions","2025-08-28T06:52:47","2026-04-25T08:44:02","2025-08-28T06:52:47"
"NK-YXRXp2oW5kdWXmJUGqjdxw","Company","Comtech Telecommunications Corp.","Comtech","","","Melville, New York","","Settled","","","","US OFAC Enforcement Actions","2025-08-28T06:52:47","2026-04-25T08:44:02","2025-08-28T06:52:47"
"NK-Z5pazR3nFqGJaq58UKtEqD","Company","Zhongxing Telecommunications Equipment Corporation","","","","","","Settled","","","","US OFAC Enforcement Actions","2025-08-28T06:52:47","2026-04-25T08:44:02","2025-08-28T06:52:47"
"NK-ZcysghkJLjgbQErvbZyQS5","Company","Standard Chartered Bank","","","","United Kingdom","","Settled","","","","US OFAC Enforcement Actions","2025-08-28T06:52:47","2026-04-25T08:44:02","2025-08-28T06:52:47"
"NK-Zhuh48eEuo7P2dCYAhEjnG","Company","PACCAR Inc","","","","Bellevue, Washington","","Settled","","","","US OFAC Enforcement Actions","2025-08-28T06:52:47","2026-04-25T08:44:02","2025-08-28T06:52:47"
"NK-ZwL8gpjUrp5Aw94xbeKqjT","Company","MidFirst Bank","","","","Oklahoma City, Oklahoma","","Other","","","","US OFAC Enforcement Actions","2025-08-28T06:52:47","2026-04-25T08:44:02","2025-08-28T06:52:47"
"NK-b2skzpinWLekSSRwZi8pM4","Company","Berkshire Hathaway, Inc.","","","us","Omaha, Nebraska","","Settled","","","","US OFAC Enforcement Actions","2025-08-28T06:52:47","2026-04-25T08:44:02","2025-08-28T06:52:47"
"NK-bMSXR68brLmVaMCpk79JVc","Company","British American Tobacco p.l.c.","","","gb","London, England","","Settled","","","","US OFAC Enforcement Actions","2025-08-28T06:52:47","2026-04-25T08:44:02","2025-08-28T06:52:47"
"NK-cQ5HjkFMggF7nbZwxip7uJ","Company","SCB Dubai","","","","Dubai, UAE","","Other","","","","US OFAC Enforcement Actions","2025-08-28T06:52:47","2026-04-25T08:44:02","2025-08-28T06:52:47"
"NK-eFCBobC4JzPJxwQoGGkCzH","Company","Deutsche Bank Trust Company Americas","DBTCA","","","","","Settled","","","","US OFAC Enforcement Actions","2025-08-28T06:52:47","2026-04-25T08:44:02","2025-08-28T06:52:47"
"NK-eU4AuABJf76dpNPGRbtfjT","Company","Charles River Systems, Inc.","Charles River","","","","","Settled","","","","US OFAC Enforcement Actions","2025-08-28T06:52:47","2026-04-25T08:44:02","2025-08-28T06:52:47"
"NK-eVNgrXcjKvms5GSvKfieob","Company","DAF Trucks N.V.","","","","Eindhoven, the Netherlands","","Other","","","","US OFAC Enforcement Actions","2025-08-28T06:52:47","2026-04-25T08:44:02","2025-08-28T06:52:47"
"NK-eZ9XCujFqKfm8j8RdkRqLu","Person","Evren Kayakiran","","","tr","","","Other","","","","US OFAC Enforcement Actions","2025-08-28T06:52:47","2026-04-25T08:44:02","2025-08-28T06:52:47"
"NK-f55NVq2JqgAjJB68DMNgon","Company","UniCredit S.p.A.","","","it","","","Settled","","","","US OFAC Enforcement Actions","2025-08-28T06:52:47","2026-04-25T08:44:02","2025-08-28T06:52:47"
"NK-fbu4AjpEpxnvjEyynzgaxd","Company","Compass Bank","BBVA Compass","","","","","Other","","","","US OFAC Enforcement Actions","2025-08-28T06:52:47","2026-04-25T08:44:02","2025-08-28T06:52:47"
"NK-g6RetNkpAbQVTvhHJP8bFx","Company","Ericsson, Inc.","","","us","Plano, Texas","","Settled","","","","US OFAC Enforcement Actions","2025-08-28T06:52:47","2026-04-25T08:44:02","2025-08-28T06:52:47"
"NK-gM8PTZ2GduhDAF5mX7yZ8q","Company","Interactive Brokers LLC","IB","","","","","Settled","","","","US OFAC Enforcement Actions","2025-08-28T06:52:47","2026-04-25T08:44:02","2025-08-28T06:52:47"
"NK-gaXCWB7WFG3xqfYuqTZRXi","Company","MoneyGram Payment Systems, Inc.","","","","Dallas, Texas","","Settled","","","","US OFAC Enforcement Actions","2025-08-28T06:52:47","2026-04-25T08:44:02","2025-08-28T06:52:47"
"NK-hSjJBAgd3QJuGgwpukPhkB","Company","Iscar Kesici Takim Ticareti ve Imalati Limited Sirket","","","tr","","","Settled","","","","US OFAC Enforcement Actions","2025-08-28T06:52:47","2026-04-25T08:44:02","2025-08-28T06:52:47"
"NK-hd9Tr8GAPFyCYHSFLv8CUL","Company","American Express Travel Related Services Company","Amex","","","","","Other","","","","US OFAC Enforcement Actions","2025-08-28T06:52:47","2026-04-25T08:44:02","2025-08-28T06:52:47"
"NK-htwqA6DPqMQBQmH9HzJwk4","Company","UniCredit Bank AG","","","de","","","Settled","","","","US OFAC Enforcement Actions","2025-08-28T06:52:47","2026-04-25T08:44:02","2025-08-28T06:52:47"
"NK-jYqctEtaYyMng4Tznjnfom","Company","DS Healthcare Inc.","Sultan Healthcare","","","","","Other","","","","US OFAC Enforcement Actions","2025-08-28T06:52:47","2026-04-25T08:44:02","2025-08-28T06:52:47"
"NK-kKfdahXb3ioFRzkFsEvK9N","Company","Banco Popular de Puerto Rico","","","pr;vi","","","Settled","","","","US OFAC Enforcement Actions","2025-08-28T07:08:46","2026-04-25T08:44:02","2025-08-28T07:08:46"
"NK-mJjFvSb5qSkxKeNGbThgSz","Company","State Street Bank and Trust Company","State Street Bank and Trust Co.","","","Massachusetts","","Other;Settled","","","","US OFAC Enforcement Actions","2025-08-28T06:52:47","2026-04-25T08:44:02","2025-08-28T06:52:47"
"Q704450","Person","Viktor Vekselberg","","","","","","Other","","","","US OFAC Enforcement Actions","2025-08-28T06:52:47","2026-04-25T08:44:02","2025-08-28T06:52:47"
"ofac-ea-02849843ac4c0ffb27dde038cea5ef07c231fac1","Company","CFM Indosuez Wealth","CFM","","mc","","","Settled","","","","US OFAC Enforcement Actions","2025-08-28T06:52:47","2026-04-25T08:44:02","2025-08-28T06:52:47"
"ofac-ea-038c467818993054e350bd2663ea5ca20d993e65","Company","American International Group, Inc.","AIG","","us","New York, NY","","Settled","","","","US OFAC Enforcement Actions","2025-08-28T06:52:47","2026-04-25T08:44:02","2025-08-28T06:52:47"
"ofac-ea-0398a4239f51aff04446094d29bc45a3daeaa3d7","Company","Eagle Shipping International (USA) LLC","","","mh","Stamford, Connecticut","","Settled","","","","US OFAC Enforcement Actions","2025-08-28T06:52:47","2026-04-25T08:44:02","2025-08-28T06:52:47"
"ofac-ea-04c2b9da6dbe8f8744be02d9936e10176b91d09d","Company","DNI Express Shipping Company","","","","McLean, Virginia","","Other","","","","US OFAC Enforcement Actions","2025-08-28T06:52:47","2026-04-25T08:44:02","2025-08-28T06:52:47"
"ofac-ea-06fa573a54f61f31c00a7949c8a3717c1469f3f0","Company","Payoneer Inc.","","","","New York","","Settled","","","","US OFAC Enforcement Actions","2025-08-28T06:52:47","2026-04-25T08:44:02","2025-08-28T06:52:47"
"ofac-ea-0790674927f928020f0677ef27f68c80cdff5bfe","Company","Chisu International Corporation","","","","Located in Parkland, Florida","","Settled","","","","US OFAC Enforcement Actions","2025-08-28T06:52:47","2026-04-25T08:44:02","2025-08-28T06:52:47"
"ofac-ea-07c65253db23012cafdcd4b134fcd75d5baf6de0","Company","Nodus International Bank, Inc.","","","","Puerto Rico","","Other","","","","US OFAC Enforcement Actions","2025-08-28T06:52:47","2026-04-25T08:44:02","2025-08-28T06:52:47"
"ofac-ea-0837c695fc37d03216877e0c43454fe5b72eac40","Company","American Export Lines","","","","Los Angeles, California","","Settled","","","","US OFAC Enforcement Actions","2025-08-28T06:52:47","2026-04-25T08:44:02","2025-08-28T06:52:47"
"ofac-ea-0984800fe01e9cacfec5c295e9832ef4670182fc","Company","SCBZ","","","","Zimbabwe","","Other","","","","US OFAC Enforcement Actions","2025-08-28T06:52:47","2026-04-25T08:44:02","2025-08-28T06:52:47"
"ofac-ea-0d27313b58c5d8330d877bd57ff88b015b9eb2b7","Company","Apple, Inc.","","","","Cupertino, California","","Settled","","","","US OFAC Enforcement Actions","2025-08-28T06:52:47","2026-04-25T08:44:02","2025-08-28T06:52:47"
"ofac-ea-0e22ddb09563e4a6ba3b1d4a9bd72f7e34a5f358","Company","Seatronics Ltd.","","","gb","","","Settled","","","","US OFAC Enforcement Actions","2025-08-28T06:52:47","2026-04-25T08:44:02","2025-08-28T06:52:47"
"ofac-ea-0ee92140b2538b886f96a1f6d7d4309ee3dc4f97","Company","SAP SE","","","","Walldorf, Germany","","Settled","","","","US OFAC Enforcement Actions","2025-08-28T06:52:47","2026-04-25T08:44:02","2025-08-28T06:52:47"
"ofac-ea-0fcc068df2af977fd29333390551bf512c469d0f","Company","CA Indosuez Switzerland S.A.","","","ch","","","Settled","","","","US OFAC Enforcement Actions","2025-08-28T06:52:47","2026-04-25T08:44:02","2025-08-28T06:52:47"
"ofac-ea-0ff5bb30ddb08d24852a477f878a79c3e5e537d2","Company","Nasdaq, Inc.","","","","","","Settled","","","","US OFAC Enforcement Actions","2025-08-28T06:52:47","2026-04-25T08:44:02","2025-08-28T06:52:47"
"ofac-ea-11a17ccbf260d1644138f6c65e5fe165ecdebcf2","Company","The Cobalt Refinery Company","","","","","","Other","","","","US OFAC Enforcement Actions","2025-08-28T06:52:47","2026-04-25T08:44:02","2025-08-28T06:52:47"
"ofac-ea-14fd4606cecc2344f7095705bca754573256a4f3","Company","Amazon.com, Inc.","","","","Seattle, Washington","","Other","","","","US OFAC Enforcement Actions","2025-08-28T06:52:47","2026-04-25T08:44:02","2025-08-28T06:52:47"
"ofac-ea-1554aae3e43aaf7fefbcb19c2aff5692490f77df","LegalEntity","Chubb Limited","","","ch;gb;us","Switzerland","","Settled","","","","US OFAC Enforcement Actions","2025-08-28T06:52:47","2026-04-25T08:44:02","2025-08-28T06:52:47"
"ofac-ea-1634c1412d32b6974a4d1529e522058ae1b14370","Company","Mondo TV, S.p.a.","Mondo","","it","","","Settled","","","","US OFAC Enforcement Actions","2025-08-28T06:52:47","2026-04-25T08:44:02","2025-08-28T06:52:47"
"ofac-ea-1da9f4876f2c0ac775a7f1d06b19265a9ee2cbf7","Company","Exodus Movement, Inc.","Exodus","","","","","Settled","","","","US OFAC Enforcement Actions","2025-12-22T15:32:48","2026-04-25T08:44:02","2025-12-22T15:32:48"
"ofac-ea-1e87b9a07b563b4f21a9b3defa47f59be67d4944","Company","UK International","","","","","","Other","","","","US OFAC Enforcement Actions","2025-08-28T06:52:47","2026-04-25T08:44:02","2025-08-28T06:52:47"
"ofac-ea-2360cc2a64cadee862424ea446eb5ca33162fe01","Company","Newmont Corporation","","","","Headquartered in Denver, Colorado","","Settled","","","","US OFAC Enforcement Actions","2025-08-28T06:52:47","2026-04-25T08:44:02","2025-08-28T06:52:47"
"ofac-ea-25b37d3e757fd24d1e064491fd8eff535cf84cad","Company","World Class Technology Corporation","","","","","","Settled","","","","US OFAC Enforcement Actions","2025-08-28T06:52:47","2026-04-25T08:44:02","2025-08-28T06:52:47"
"ofac-ea-270c08a10eed88cc26d71854ce993bc624146f84","LegalEntity","IPI Partners, LLC","","","","","","Settled","","","","US OFAC Enforcement Actions","2025-12-09T09:57:13","2026-04-25T08:44:02","2025-12-09T09:57:13"
"ofac-ea-2ba03040ac0ff61d931e4f82e23a203b4c594351","Company","American Express National Bank","","","","","","Settled","","","","US OFAC Enforcement Actions","2025-08-28T06:52:47","2026-04-25T08:44:02","2025-08-28T06:52:47"
"ofac-ea-2ba6ec793673ab7670cb991294984399c55b3e9c","Company","Fracht FWO Inc.","","","","Houston, Texas","","Settled","","","","US OFAC Enforcement Actions","2025-09-13T08:44:02","2026-04-25T08:44:02","2025-09-13T08:44:02"
"ofac-ea-33a2dba87b2d9fce896c319ecc95028b45f2ebbe","Company","MID-SHIP Group LLC","","","","Port Washington, New York","","Settled","","","","US OFAC Enforcement Actions","2025-08-28T06:52:47","2026-04-25T08:44:02","2025-08-28T06:52:47"
"ofac-ea-34f2832630fadd8ee606d19395ff56f2bc8b519d","Company","Key Holding, LLC","","","","","","Settled","","","","US OFAC Enforcement Actions","2025-08-28T06:52:47","2026-04-25T08:44:02","2025-08-28T06:52:47"
"ofac-ea-39fee029b3ebf9760bbbaa64b1b1800978f21130","Company","Godfrey Phillips India Limited","","","in","","","Settled","","","","US OFAC Enforcement Actions","2025-08-28T06:52:47","2026-04-25T08:44:02","2025-08-28T06:52:47"
"ofac-ea-3b43ba1cda377f91a44e75b82ac0ee973fe4f827","Company","Ericsson, AB","","","se","Stockholm","","Settled","","","","US OFAC Enforcement Actions","2025-08-28T06:52:47","2026-04-25T08:44:02","2025-08-28T06:52:47"
"ofac-ea-3c0047c12538382f45584c03775c6082f4e7d9b2","Company","NewTek, Inc.","","","","San Antonio, Texas","","Settled","","","","US OFAC Enforcement Actions","2025-08-28T06:52:47","2026-04-25T08:44:02","2025-08-28T06:52:47"
"ofac-ea-3da953b0b2fab82f22c20748c065c42b7588ab3f","Company","Airbnb Payments, Inc.","","","","Delaware;San Francisco, California","","Settled","","","","US OFAC Enforcement Actions","2025-08-28T06:52:47","2026-04-25T08:44:02","2025-08-28T06:52:47"
"ofac-ea-40ea5afcbb5847abc442655261e5322ca6b76c75","Company","Park Strategies, LLC","","","","New York, New York","","Settled","","","","US OFAC Enforcement Actions","2025-08-28T06:52:47","2026-04-25T08:44:02","2025-08-28T06:52:47"
"ofac-ea-417276e9aff5cda0d9c09a6d5a5eee1fc04ead0c","Company","Generali Global Assistance, Inc.","","","us","","","Settled","","","","US OFAC Enforcement Actions","2025-08-28T06:52:47","2026-04-25T08:44:02","2025-08-28T06:52:47"
"ofac-ea-4ba25418e87416bd99e5d46ec7734ac16b9e2973","Company","PanAmerican Seed Co.","","","","","","Settled","","","","US OFAC Enforcement Actions","2025-08-28T06:52:47","2026-04-25T08:44:02","2025-08-28T06:52:47"
"ofac-ea-4be2ac29db1f1af269b2c8adeb8537b85f995ac3","Company","Blue Sky Blue Sea, Inc.","","","","Los Angeles, California","","Settled","","","","US OFAC Enforcement Actions","2025-08-28T06:52:47","2026-04-25T08:44:02","2025-08-28T06:52:47"
"ofac-ea-4e6ab065dd431d0bb3b89894785720eedf6b02de","Company","Hotelbeds USA, Inc.","","","us","Incorporated in Florida","","Settled","","","","US OFAC Enforcement Actions","2025-08-28T06:52:47","2026-04-25T08:44:02","2025-08-28T06:52:47"
"ofac-ea-4efafaefe0e8dbbe3064b6e0d6d97fee4073377f","Company","Murad, LLC","","","","","","Settled","","","","US OFAC Enforcement Actions","2025-08-28T06:52:47","2026-04-25T08:44:02","2025-08-28T06:52:47"
"ofac-ea-55f9a701d858c262c73342ed27266a054591fb97","Company","Vietnam Beverage Company Limited","","","vn","","","Other","","","","US OFAC Enforcement Actions","2025-08-28T06:52:47","2026-04-25T08:44:02","2025-08-28T06:52:47"
"ofac-ea-56a8a28855c8ca8d493985f3b1a6ebc7c21ab873","Company","Humana, Inc.","","","","","","Other","","","","US OFAC Enforcement Actions","2025-08-28T06:52:47","2026-04-25T08:44:02","2025-08-28T06:52:47"
"ofac-ea-575bced82c88d7897ea41ec6c4b82641d2c7680a","Company","Tango Card, Inc.","","","","Seattle, Washington","","Settled","","","","US OFAC Enforcement Actions","2025-08-28T06:52:47","2026-04-25T08:44:02","2025-08-28T06:52:47"
"ofac-ea-5dcd7563b3ab3bdfc1201aba1a23f44f7f05d296","Company","American Life Insurance Company","ALICO","","","","","Settled","","","","US OFAC Enforcement Actions","2025-08-28T06:52:47","2026-04-25T08:44:02","2025-08-28T06:52:47"
"ofac-ea-5ea501c4af5e5471ce80dc594a6192d53db09079","Company","Dominica Maritime Registry, Inc.","","","","Fairhaven, Massachusetts","","Other","","","","US OFAC Enforcement Actions","2025-08-28T06:52:47","2026-04-25T08:44:02","2025-08-28T06:52:47"
"ofac-ea-5f490ef8255095f6bc2cbd19fb5eae63a564a001","Company","Bittrex, Inc.","","","","Bellevue, Washington","","Settled","","","","US OFAC Enforcement Actions","2025-08-28T06:52:47","2026-04-25T08:44:02","2025-08-28T06:52:47"
"ofac-ea-5f52d69004efa51d24de703792e7aa1ea8e195bf","Company","Whitford Worldwide Company, LLC","","","us","Elverson, Pennsylvania","","Settled","","","","US OFAC Enforcement Actions","2025-08-28T06:52:47","2026-04-25T08:44:02","2025-08-28T06:52:47"
"ofac-ea-66e99cffdf2b08dfed9a4265d2bbee25d6043996","Company","Uphold HQ Inc.","","","","","","Settled","","","","US OFAC Enforcement Actions","2025-08-28T06:52:47","2026-04-25T08:44:02","2025-08-28T06:52:47"
"ofac-ea-6897462ffd47b9903eb82a3b3391d2cdb9702395","Company","ZAG IP, LLC","ZAG International, LLC","","","Newtown, Connecticut","","Settled","","","","US OFAC Enforcement Actions","2025-08-28T06:52:47","2026-04-25T08:44:02","2025-08-28T06:52:47"
"ofac-ea-7023e41d8557af4d635db761874f6a5666b810dd","Company","Richemont North America, Inc.","Cartier","","","New York, New York","","Settled","","","","US OFAC Enforcement Actions","2025-08-28T06:52:47","2026-04-25T08:44:02","2025-08-28T06:52:47"
"ofac-ea-75ebce56714fee7fbf734c16e45cb98d44414dfa","Company","Apollo Aviation Group, LLC","","","us","Florida","","Settled","","","","US OFAC Enforcement Actions","2025-08-28T06:52:47","2026-04-25T08:44:02","2025-08-28T06:52:47"
"ofac-ea-7b978a5cf38b6fcd9d106b7e33385edb750bbb39","Company","JC Flowers & Co.","","","","","","Settled","","","","US OFAC Enforcement Actions","2025-08-28T06:52:47","2026-04-25T08:44:02","2025-08-28T06:52:47"
"ofac-ea-7beff68c7e2beba7bfa1380b9b96427b2292b502","Company","Toll Holdings Limited","","","au","Melbourne","","Settled","","","","US OFAC Enforcement Actions","2025-08-28T06:52:47","2026-04-25T08:44:02","2025-08-28T06:52:47"
"ofac-ea-7c48178fb7bc7aba41ab9b130319395979fdff29","Company","The General Electric Company","","","","Boston, Massachusetts","","Settled","","","","US OFAC Enforcement Actions","2025-08-28T06:52:47","2026-04-25T08:44:02","2025-08-28T06:52:47"
"ofac-ea-7cf71411c7c38b4187bbb8ff685554546593deb3","Company","United Medical Instruments, Inc.","","","","California","","Settled","","","","US OFAC Enforcement Actions","2025-08-28T06:52:47","2026-04-25T08:44:02","2025-08-28T06:52:47"
"ofac-ea-7d74115cfc63cbadb7cb7797857862869baeaa4c","Company","Córdoba Music Group LLC","Córdoba","","","California","","Settled","","","","US OFAC Enforcement Actions","2025-08-28T06:52:47","2026-04-25T08:44:02","2025-08-28T06:52:47"
"ofac-ea-7e7742901fb49b0fcd865ff9401dbfa8d0c0a92b","Company","C.H. Robinson International Inc.","","","","","","Settled","","","","US OFAC Enforcement Actions","2025-08-28T06:52:47","2026-04-25T08:44:02","2025-08-28T06:52:47"
"ofac-ea-7eb45c276edb8402e6bca0619e158c2a4a037aac","Company","Privilege Underwriters Reciprocal Exchange","","","","","","Settled","","","","US OFAC Enforcement Actions","2025-08-28T06:52:47","2026-04-25T08:44:02","2025-08-28T06:52:47"
"ofac-ea-8288534eaa68083fae32506ef43fe160d0c2030b","Company","Yantai Jereh Oilfield Services Group Co. Ltd.","","","cn","Yantai","","Settled","","","","US OFAC Enforcement Actions","2025-08-28T06:52:47","2026-04-25T08:44:02","2025-08-28T06:52:47"
"ofac-ea-88613d3aa4ba9bb9ce2a72fdb74a79982844e5a8","Company","Alliance Steel, Inc.","","","us","Oklahoma City, Oklahoma","","Settled","","","","US OFAC Enforcement Actions","2025-08-28T06:52:47","2026-04-25T08:44:02","2025-08-28T06:52:47"
"ofac-ea-88e62f228c396f0077e51498efe7c6db228dce71","Company","TradeStation Securities, Inc.","","","","","","Settled","","","","US OFAC Enforcement Actions","2026-03-25T11:22:59","2026-04-25T08:44:02","2026-03-25T11:22:59"
"ofac-ea-8c58769ac1cdfdffef89e680620f0ad5a5478157","Company","Unicat Catalyst Technologies, LLC","","","","Alvin, Texas","","Settled","","","","US OFAC Enforcement Actions","2025-08-28T06:52:47","2026-04-25T08:44:02","2025-08-28T06:52:47"
"ofac-ea-901d4d2ce0e46c2ed1ed81c6c605b825dbb120f5","Company","Haverly Systems, Inc.","","","","California;New Jersey;Texas","","Settled","","","","US OFAC Enforcement Actions","2025-08-28T06:52:47","2026-04-25T08:44:02","2025-08-28T06:52:47"
"ofac-ea-90226a2e49ed018dd577ee916ac7d7e42fe5b688","Company","Alfa Laval Middle East Ltd.","","","ae","Dubai","","Other","","","","US OFAC Enforcement Actions","2025-08-28T06:52:47","2026-04-25T08:44:02","2025-08-28T06:52:47"
"ofac-ea-905d7fe8bf2c9169ff77cbdb8a6a050836fa1cc9","Company","S&P Global, Inc.","","","us","","","Settled","","","","US OFAC Enforcement Actions","2025-08-28T06:52:47","2026-04-25T08:44:02","2025-08-28T06:52:47"
"ofac-ea-9085f5f7254224e95cd733a48cd3eff3e7e2e18c","Company","Poloniex, LLC","Poloniex","","","","","Settled","","","","US OFAC Enforcement Actions","2025-08-28T06:52:47","2026-04-25T08:44:02","2025-08-28T06:52:47"
"ofac-ea-94851893a8d502978c305c4749453ae858a1efd6","Company","Cameron International Corporation","","","us","Houston, Texas","","Settled","","","","US OFAC Enforcement Actions","2025-08-28T06:52:47","2026-04-25T08:44:02","2025-08-28T06:52:47"
"ofac-ea-94ac5653672838acedd288d95d7b7c9b6acb541f","Company","Nordgas S.r.l.","","","it","","","Settled","","","","US OFAC Enforcement Actions","2025-08-28T06:52:47","2026-04-25T08:44:02","2025-08-28T06:52:47"
"ofac-ea-97fb9bf9689504efc1804631db1327bfc5b143e5","Company","Western Union Financial Services, Inc.","Western Union","","","Denver, Colorado","","Settled","","","","US OFAC Enforcement Actions","2025-08-28T06:52:47","2026-04-25T08:44:02","2025-08-28T06:52:47"
"ofac-ea-99676b8995b763020dfafd4b441f9f23d7abfc6d","Company","International Shipping Company (USA)","","","","Los Angeles, California","","Settled","","","","US OFAC Enforcement Actions","2025-08-28T06:52:47","2026-04-25T08:44:02","2025-08-28T06:52:47"
"ofac-ea-999c99a693309ea8671f6707e8df2ac8a662c184","Company","KKR & Co. Inc.","","","us","","","Settled","","","","US OFAC Enforcement Actions","2025-08-28T06:52:47","2026-04-25T08:44:02","2025-08-28T06:52:47"
"ofac-ea-9a9cf8a28ac584aa38f026fe5095ec4ba8d5b5ce","Company","Payward, Inc.","Kraken","","us","","","Settled","","","","US OFAC Enforcement Actions","2025-08-28T06:52:47","2026-04-25T08:44:02","2025-08-28T06:52:47"
"ofac-ea-9b0ab266cfedaf127e28facfc1d33219d6772900","Company","Atradius Trade Credit Insurance, Inc.","ATCI","","us","Hunt Valley, Maryland","","Settled","","","","US OFAC Enforcement Actions","2025-08-28T06:52:47","2026-04-25T08:44:02","2025-08-28T06:52:47"
"ofac-ea-a030dfa6630cff45f9e0147ea73b120110282e3b","Company","Swedbank AS","Swedbank Latvia","","lv","","","Settled","","","","US OFAC Enforcement Actions","2025-08-28T06:52:47","2026-04-25T08:44:02","2025-08-28T06:52:47"
"ofac-ea-a4f4c6804a171cf3a47e997384284e46aed54d49","Company","daVinci Payments","","","","","","Settled","","","","US OFAC Enforcement Actions","2025-08-28T06:52:47","2026-04-25T08:44:02","2025-08-28T06:52:47"
"ofac-ea-a544cd94cc77f0b3ae49af683edf896c2e899468","Company","Sojitz (Hong Kong) Limited","","","cn;hk","","","Settled","","","","US OFAC Enforcement Actions","2025-08-28T06:52:47","2026-04-25T08:44:02","2025-08-28T06:52:47"
"ofac-ea-aa7658df10898092234c1f2634dff9efb8759a55","Company","AppliChem GmbH","","","de","Darmstadt","","Other","","","","US OFAC Enforcement Actions","2025-08-28T06:52:47","2026-04-25T08:44:02","2025-08-28T06:52:47"
"ofac-ea-ac7425239cde7449abd305625c3ff1188ea4e1b2","Company","BD White Birch Investment LLC","White Birch USA","","us","Greenwich, Connecticut","","Settled","","","","US OFAC Enforcement Actions","2025-08-28T06:52:47","2026-04-25T08:44:02","2025-08-28T06:52:47"
"ofac-ea-ac8f7246f93e3b69b7fd289696c73fe7e7677e98","Company","Aiotec GmbH","","","de","Berlin, Germany","","Settled","","","","US OFAC Enforcement Actions","2025-08-28T06:52:47","2026-04-25T08:44:02","2025-08-28T06:52:47"
"ofac-ea-acf45c938665cd28d9c4375f2d6557d090757a1f","Company","Emigrant Bank","","","","","","Settled","","","","US OFAC Enforcement Actions","2025-08-28T06:52:47","2026-04-25T08:44:02","2025-08-28T06:52:47"
"ofac-ea-ae3cdeb991add1c738eaa094823e7ec6af6fc408","Company","BCC Corporate SA","","","be","","","Settled","","","","US OFAC Enforcement Actions","2025-08-28T06:52:47","2026-04-25T08:44:02","2025-08-28T06:52:47"
"ofac-ea-afb6f0abf24b6eadf95835af681888e56bf00041","Company","Allianz Global Risks U.S. Insurance Company","AGR US","","ca;us","Chicago, IL","","Settled","","","","US OFAC Enforcement Actions","2025-08-28T06:52:47","2026-04-25T08:44:02","2025-08-28T06:52:47"
"ofac-ea-b0b16397ff05196b5a84546a2ede50ea0f51f12f","Company","IPSA International Services, Inc.","","","","Phoenix, Arizona","","Settled","","","","US OFAC Enforcement Actions","2025-08-28T06:52:47","2026-04-25T08:44:02","2025-08-28T06:52:47"
"ofac-ea-b2fa34151a50c652590b66403d0bd6225ccec667","Company","CSE TransTel Pte. Ltd.","","","sg","","","Settled","","","","US OFAC Enforcement Actions","2025-08-28T06:52:47","2026-04-25T08:44:02","2025-08-28T06:52:47"
"ofac-ea-b4d8df502e6516eac3ed45fbc003b2df06d0bc95","Company","e.l.f. Cosmetics, Inc.","","","","Oakland, California","","Settled","","","","US OFAC Enforcement Actions","2025-08-28T06:52:47","2026-04-25T08:44:02","2025-08-28T06:52:47"
"ofac-ea-b4f7cb906c2c9b6a7df08f08bae12d86cab0f608","Company","American Honda Finance Corporation","","","","","","Settled","","","","US OFAC Enforcement Actions","2025-08-28T06:52:47","2026-04-25T08:44:02","2025-08-28T06:52:47"
"ofac-ea-b5225428a3e301ca4fa064969f7389904d113f05","Company","Alliance for Responsible Cuba Policy Foundation","","","","","","Settled","","","","US OFAC Enforcement Actions","2025-08-28T06:52:47","2026-04-25T08:44:02","2025-08-28T06:52:47"
"ofac-ea-b6ba010bd5ab784d99cd4aa55ec8aff2d3138f3d","Company","BitPay, Inc.","","","","Atlanta, Georgia","","Settled","","","","US OFAC Enforcement Actions","2025-08-28T06:52:47","2026-04-25T08:44:02","2025-08-28T06:52:47"
"ofac-ea-b96d8152c4e8ccec38b158f6cb36358e41c49337","Company","Schlumberger Rod Lift, Inc","","","us","Frisco, Texas","","Settled","","","","US OFAC Enforcement Actions","2025-08-28T06:52:47","2026-04-25T08:44:02","2025-08-28T06:52:47"
"ofac-ea-ba8e269f98454e6d97cc5fc24955028f528372f6","Company","3M Company","","","","","","Settled","","","","US OFAC Enforcement Actions","2025-08-28T06:52:47","2026-04-25T08:44:02","2025-08-28T06:52:47"
"ofac-ea-bcb4a5f9ac9cf2c7ca7bf907144d479c32f659e8","Company","Mashreqbank psc","","","ae;gb","","","Other","","","","US OFAC Enforcement Actions","2025-08-28T06:52:47","2026-04-25T08:44:02","2025-08-28T06:52:47"
"ofac-ea-bd0f7a0988e21ca397af02aaccf1816f1bb78471","Company","UniControl, Inc.","","","","Cleveland, Ohio","","Settled","","","","US OFAC Enforcement Actions","2025-08-28T06:52:47","2026-04-25T08:44:02","2025-08-28T06:52:47"
"ofac-ea-bd712983cd311e3124fd7ae82a24153d4c808c77","Company","CoinList Markets LLC","","","","","","Settled","","","","US OFAC Enforcement Actions","2025-08-28T06:52:47","2026-04-25T08:44:02","2025-08-28T06:52:47"
"ofac-ea-bed5182b93c15f0effbb00f6d2c8e0b1f017d279","Company","Cubasphere, Inc.","","","","","","Settled","","","","US OFAC Enforcement Actions","2025-08-28T06:52:47","2026-04-25T08:44:02","2025-08-28T06:52:47"
"ofac-ea-c01018e5f5e94ca294d8517d32829170a1eadda5","Company","Danfoss A/S","","","dk","","","Settled","","","","US OFAC Enforcement Actions","2025-08-28T06:52:47","2026-04-25T08:44:02","2025-08-28T06:52:47"
"ofac-ea-c2cb0a1e1bffd044dec38fe540ad3d3f5b91f5bc","Company","EFG International AG","","","ch","","","Settled","","","","US OFAC Enforcement Actions","2025-08-28T06:52:47","2026-04-25T08:44:02","2025-08-28T06:52:47"
"ofac-ea-c44bcc58fac8db417c12a8eb053bb070f6f81837","Company","COSL Singapore Ltd","","","sg","","","Settled","","","","US OFAC Enforcement Actions","2025-08-28T06:52:47","2026-04-25T08:44:02","2025-08-28T06:52:47"
"ofac-ea-c498af0aedc4912ed2f66fa7199ab5b4d18e27bb","Company","Bank of China","BOC UK","","gb","London, United Kingdom","","Settled","","","","US OFAC Enforcement Actions","2025-08-28T06:52:47","2026-04-25T08:44:02","2025-08-28T06:52:47"
"ofac-ea-c59ce998de817ab41d163cc1df9c585054f9cbe2","Company","T.D. Bank, N.A.","","","","","","Settled","","","","US OFAC Enforcement Actions","2025-08-28T06:52:47","2026-04-25T08:44:02","2025-08-28T06:52:47"
"ofac-ea-cce202311956a8ecad4ab5a2f240f33392539b58","Company","SCG Plastics Co., Ltd.","","","th","","","Settled","","","","US OFAC Enforcement Actions","2025-08-28T06:52:47","2026-04-25T08:44:02","2025-08-28T06:52:47"
"ofac-ea-d004e799fb18e45e4154f0a93ca75dc12020111a","Company","Expedia Group, Inc.","","","","Bellevue, Washington","","Settled","","","","US OFAC Enforcement Actions","2025-08-28T06:52:47","2026-04-25T08:44:02","2025-08-28T06:52:47"
"ofac-ea-d02d96d658b91f90cbed19e70e75416cade4fbd4","Company","ShapeShift AG","","","ch","Denver, Colorado","","Settled","","","","US OFAC Enforcement Actions","2025-09-29T09:14:28","2026-04-25T08:44:02","2025-09-29T09:14:28"
"ofac-ea-d2a3e345e02d811a10c2f954f2ef05da99406905","Person","Oleg Deripaska","","","","","","Other","","","","US OFAC Enforcement Actions","2025-12-09T09:57:13","2026-04-25T08:44:02","2025-12-09T09:57:13"
"ofac-ea-d3f196534c6c72aa860e94be5bd10e8cecb44d40","Company","B Whale Corporation","","","tw","Taipei, Taiwan","","Other","","","","US OFAC Enforcement Actions","2025-08-28T06:52:47","2026-04-25T08:44:02","2025-08-28T06:52:47"
"ofac-ea-d572a2f2ac5fe6965814a18b3eb6b12e50b6de14","Company","Stanley Black & Decker, Inc.","","","","New Britain, Connecticut","","Settled","","","","US OFAC Enforcement Actions","2025-08-28T06:52:47","2026-04-25T08:44:02","2025-08-28T06:52:47"
"ofac-ea-d851401f255fe8010aac6bec83fc070558580afb","Company","BIOMIN America, Inc.","","","","Overland Park, Kansas","","Settled","","","","US OFAC Enforcement Actions","2025-08-28T06:52:47","2026-04-25T08:44:02","2025-08-28T06:52:47"
"ofac-ea-dab2dd131f4414b9cc96e83e2dec7ad8fb5535e4","Company","PT Bukit Muria Jaya","","","id","","","Settled","","","","US OFAC Enforcement Actions","2025-08-28T06:52:47","2026-04-25T08:44:02","2025-08-28T06:52:47"
"ofac-ea-dd5e479ddb7be0ba7b6b08618237fe4a0ebbd8ba","Company","Société Internationale de Télécommunications Aéronautiques SCRL","","","ch","Geneva","","Settled","","","","US OFAC Enforcement Actions","2025-08-28T06:52:47","2026-04-25T08:44:02","2025-08-28T06:52:47"
"ofac-ea-de1582ad81823c21ed9ea1b14153f685e237a5fb","Company","AXA Equitable Life Insurance Company","","","","","","Other","","","","US OFAC Enforcement Actions","2025-08-28T06:52:47","2026-04-25T08:44:02","2025-08-28T06:52:47"
"ofac-ea-dfee75a63191a3954c6ff52201491692ca2de4cc","Company","IMG Academy, LLC","","","","","","Settled","","","","US OFAC Enforcement Actions","2026-02-15T10:22:46","2026-04-25T08:44:02","2026-02-15T10:22:46"
"ofac-ea-e5b7a60e39da9439b1063d54cca93c99326a0e00","Company","Essentra FZE Company Limited","Essentra FZE","","ae","","","Settled","","","","US OFAC Enforcement Actions","2025-08-28T06:52:47","2026-04-25T08:44:02","2025-08-28T06:52:47"
"ofac-ea-e68f8fce4d14b34278b7c88369c0f96e1e59ca07","Company","BitGo, Inc.","","","us","Palo Alto, California","","Settled","","","","US OFAC Enforcement Actions","2025-08-28T06:52:47","2026-04-25T08:44:02","2025-08-28T06:52:47"
"ofac-ea-eb2f8d9c23ddd28c8933c4e79d94af3d6869d5d7","Company","Union de Banques Arabes et Françaises","","","fr","","","Settled","","","","US OFAC Enforcement Actions","2025-08-28T06:52:47","2026-04-25T08:44:02","2025-08-28T06:52:47"
"ofac-ea-f32f3853fe970b4e6c936f0aec7fefd80f4077c7","Company","Southern Cross Aviation, LLC","","","","Florida;North Carolina","","Other","","","","US OFAC Enforcement Actions","2025-08-28T06:52:47","2026-04-25T08:44:02","2025-08-28T06:52:47"
"ofac-ea-f40ba1b6ed5b9581056a6465d7837e1a88115d91","Company","British Arab Commercial Bank plc","BACB","","gb","London","","Settled","","","","US OFAC Enforcement Actions","2025-08-28T06:52:47","2026-04-25T08:44:02","2025-08-28T06:52:47"
"ofac-ea-ff33c0ac46fa54d003136ceab02ec7eabe791177","Company","SkyGeek Logistics, Inc.","","","","","","Settled","","","","US OFAC Enforcement Actions","2025-08-28T06:52:47","2026-04-25T08:44:02","2025-08-28T06:52:47"
